E_id,N_id,0,1,2,3,4,5,6,7,8,9,10,11,12,13,14,15,16,17,18,19,20,21,22,23,24,25,26,27,28,29
17,4,0.03663628468750006,10.0,10.0,0.39150146850220313,10.0,10.0,0.07192748720930178,0.9851147347826137,0.34312015494185355,0.36870659704860775,0.07964829758064078,0.47493448632075486,0.20117521346153625,0.27708335000025897,0.3684787328125008,0.06617970868902316,-0.0428995572463758,10.0,0.15021950818965363,0.30152777766665817,-0.1284556874999973,0.048340600726743156,0.23371212102274666,10.0,10.0,10.0,10.0,10.0,10.0,10.0
17,5,-0.00612745073529418,10.0,10.0,-0.25138888750000177,10.0,10.0,0.23854166875000188,0.7324074041666497,-0.49160353181815347,0.010570988888889977,10.0,-0.16562500624996881,-0.12103658536585397,0.14914215588234056,-0.2543981472222095,-1.1364583333332992,-0.09343434318181755,10.0,-0.1089743576922618,0.012812500000017494,10.0,-0.02465277916666452,0.06415123444444355,10.0,10.0,10.0,10.0,10.0,10.0,10.0
18,5,-0.08951419843982171,10.0,10.0,-0.12511670366056557,10.0,10.0,-0.14217372142857193,-0.4955283407094584,-0.5628115265186904,-0.3091934250573384,-0.3629886833333224,-0.2010337149809161,-0.13375452512531158,-0.3114909453038681,-0.2102361111666678,-0.09704184696969828,-0.1583900429799426,10.0,-0.15513613867574355,-0.2448167014106579,0.0488194441666662,-0.12174610686552996,-0.1514080459051721,10.0,10.0,10.0,10.0,10.0,10.0,10.0
19,5,0.47869020394511164,-0.7095363841549255,-0.10236111112745111,0.1890612003475937,-0.16926129395604364,-0.0165697616279091,0.052293820286396064,-0.01895303686440572,0.3920892434042583,0.176289312988827,0.7277277796000055,0.1432684253140677,0.23435211812320467,0.2656152188380316,0.2095552282258025,-0.23889925298506925,0.3153195399484521,-0.019901767682938894,0.11849878392857027,0.2695634197144663,-0.7180921052631067,0.07593245137240344,0.1865427052069415,-0.6027271390625065,-0.16202485394736646,-0.4314351849999183,0.042361110526316,10.0,10.0,10.0
20,5,0.23767514201940076,-0.5175482366392219,-0.039824027943614726,-0.05166887385226585,-0.3640137409574475,-0.21563619975806492,-0.15123714385432463,-0.0234825775833881,-0.12936132596732583,0.003080514482029753,0.027245208663559593,-0.11507146085257003,-0.23149496371535866,0.05727356504739348,-0.15584911042830502,-0.1987416290343509,0.2588519039261348,-0.05068374558823605,0.009782126357827768,0.08671756627840697,-0.189396776266732,-0.302462515191109,-0.001464812650255334,-0.13064413503095793,-0.17967050544625934,-0.08723073821243611,0.0008629296854954483,0.0,0.0,0.03943651404320954
20,4,0.7527105739247284,-0.3540969546332058,-0.05426701568062883,-0.09906779043345057,0.05153145623620299,-0.4775975425572528,-0.30839120250000196,-0.14798895167285664,-0.3063683727272851,-0.14634800657030486,-0.23487015266272648,-0.5282898843575443,-0.15875986367562284,-0.10020231811024491,-0.6995404403676412,-0.22956495117646789,-0.1057066426147764,-0.0157450676012501,0.1954500923236536,-0.17435790054439199,-0.6964093455426326,-1.2235632184482776,-0.23536647713535516,0.0810502904820239,-0.08614084254587152,-0.11650326727939049,1.1916535641509614,10.0,10.0,-0.4742400415094347
21,4,-0.09710729621478853,-0.9474105843954245,-0.3037272311475406,-0.5253505935852973,-0.3968556690206172,-0.4945915017647012,-0.3354246681451604,-0.48480805210674277,-0.6598689971608775,0.02264794997187919,-0.1824949192073194,-0.7750320013824783,-0.044553240694443844,-0.21163345489129967,-0.19528015451521447,-0.304933727283654,-0.06272025828283043,-0.29909605042193943,0.3013953184027746,-0.5401048951048883,-0.8991676879595666,-0.27504541024720147,-0.25684427313613595,-0.3683497610214963,-0.6474103650330365,-0.2515304561294807,1.4778273803569841,10.0,10.0,10.0
21,3,-0.04062770564935065,-0.04306159997582206,-0.015500367947019896,-0.2162415525078994,-0.20573177271486956,0.1988137448328238,-0.19987120845697282,-0.18614668989563554,-0.34240072233009905,0.09965673043360351,0.018267609196431677,-0.537701792585174,0.06701314700854483,-0.01205383830645371,-0.24585244698012293,0.3850046070331687,0.08855249692660616,-0.014261760198454619,0.14555839051021363,-0.2931970905965248,-0.20351073049811674,0.09565228479191554,-0.0038759819301032333,-0.34393405601625854,-0.2203873910294164,0.07564980577705531,0.04827042264784991,0.6660697400000017,10.0,10.0
22,3,-0.2362377451470592,0.0450044803225805,0.189469177968036,-0.017622679045091755,0.3051765453345076,0.22361111141304374,-0.23347130264900723,0.09564078272726995,0.21902703896276873,0.31966396481763315,0.24566038735631926,0.02813974068396041,0.024673473096029182,-0.2441875652821296,0.057358091739133414,-0.3562857433823481,0.1677735480329943,-0.22542808219176702,-0.35770399296875854,-0.09559664701183716,-0.28015194658120524,-0.0026041677083254032,-0.004373122466216587,-0.20531672526455338,0.18151082417840522,0.2873411640957348,-0.07875000000000804,10.0,10.0,10.0
23,3,0.06486742424242455,-0.01690476214285762,0.35132575795455295,0.2164715980337076,0.532638888333342,10.0,0.14007132162162603,0.5072758846590847,0.36267676772727325,0.7316512344444124,0.5385716734568097,0.5818152450581402,0.1605360238281272,-0.011815200347224768,0.02858796250001394,0.5072551164473423,0.13219521481481722,-0.05048076923081827,1.4298611111110529,0.35493794329789213,0.18472222177422293,0.0804629633333248,1.33456349214288,0.19310796603772,0.3565670293478202,0.08663194437500814,0.6633432535714335,10.0,10.0,10.0
21,2,0.09385626734875424,0.009515366223405488,-1.8657914780821991,0.13966262958477232,-0.9499363574123976,-0.18957934295976794,-0.011230927024648939,-1.1081426070422364,0.22774283710692797,0.04819023616161841,-0.054851790939599354,-0.21620370357142898,-0.10718980031544469,0.049503968452380566,-0.04755919549180354,-0.02254781450819724,-0.2610811526470538,-0.6490757763786439,-0.9391306583333353,0.1559122807368467,-1.0789732141071149,-0.22893518333354237,-0.16804473827881283,-0.7555396694444492,-0.28171001417199204,-0.04729428915093809,0.08159722142856392,0.6355324066666576,10.0,10.0
21,5,-0.1864901746724886,-0.11117150163043835,10.0,0.1661057692307682,0.3937584689024371,-0.7548612500001443,-0.4451387499997793,-0.5145744301282051,-0.03904179403669745,-0.005910853197669102,-0.5208783435185178,-0.06938344577702447,-0.20327932083333586,0.2458733971153757,-0.29085648229167355,0.051323784765630334,0.11884212040816476,-0.6159722499988171,1.4392310789855152,0.16097221499976827,10.0,-0.22955360802582714,10.0,-0.06858747021276869,10.0,10.0,10.0,10.0,10.0,10.0
22,5,0.01726851833333327,10.0,10.0,10.0,10.0,10.0,10.0,10.0,10.0,10.0,10.0,10.0,10.0,10.0,10.0,10.0,10.0,10.0,10.0,0.5626984142856604,10.0,10.0,10.0,10.0,10.0,10.0,10.0,10.0,10.0,10.0
22,6,0.008519473195876252,10.0,10.0,10.0,10.0,10.0,10.0,10.0,10.0,10.0,10.0,10.0,10.0,10.0,10.0,10.0,10.0,10.0,10.0,0.2697530861111225,10.0,10.0,10.0,10.0,10.0,10.0,10.0,10.0,10.0,10.0
23,6,-0.0032563814189187986,10.0,10.0,10.0,10.0,10.0,10.0,10.0,10.0,10.0,10.0,10.0,10.0,10.0,10.0,10.0,10.0,10.0,10.0,-0.1472578346153734,10.0,10.0,10.0,10.0,10.0,10.0,10.0,10.0,10.0,10.0
23,7,-0.0103787877272729,10.0,10.0,10.0,10.0,10.0,10.0,10.0,10.0,10.0,10.0,10.0,10.0,10.0,10.0,10.0,10.0,10.0,10.0,-0.30615530340909886,10.0,10.0,10.0,10.0,10.0,10.0,10.0,10.0,10.0,10.0
22,2,0.10760843026315832,0.06856273174157296,0.1915157065217414,0.28265873013392956,-0.4300787043333316,-0.8341617938596582,-0.035187251785714566,-0.45945070977444585,-0.013836368487397966,0.12842407339999665,0.07820294642856258,-0.04827559269662575,0.5094144571022732,0.06637139094488345,0.20520514564219774,0.6184628742788393,0.0882291667499992,-0.023495369827588486,0.0328611100000178,0.1882568662921365,-0.07193929907408296,0.04644510952380741,0.13754656618076508,-0.29580922065971893,-0.405320069290649,-0.007160853023257653,10.0,10.0,10.0,10.0
17,18,0.5318945671270713,-0.7128472224137933,10.0,-1.006219806521751,-0.5397467319852959,-0.02132024281609305,0.08877101273062757,0.37265977845528586,-0.3252519062500014,-0.7469246033163406,-0.05108368726115246,0.00986097773775187,-0.08029360053797478,-0.10449518247232475,0.0054027679382530405,0.11633842986026847,-0.19760837420724853,-0.00582060345417208,-0.03451010590952877,-0.10784599311947271,-0.06321336820809403,0.09843411995575345,-0.07329161701430177,-0.008332413543046402,-0.08579919963680467,0.0,0.0,0.0,0.0,0.0
18,18,0.10483024694444454,-0.33066452992307677,1.1620555560000005,-2.0458924351063916,-1.561585648333337,-0.41188183910984744,-0.5295363940972213,-0.5288477638741125,-0.0015567831672439868,-0.158053851411043,-0.2240566037146236,0.11155361010332955,-1.1121400745426793,0.09157901235555363,-0.038662886261095035,-0.23666666666666636,-0.5819333712984047,10.0,-0.1549140083496162,-0.09788237314814703,-0.17838741680107517,0.23452027944785447,-0.10540587324047355,-0.773650793571429,0.06344428703966143,10.0,10.0,10.0,10.0,10.0
18,19,-0.39144620833333343,0.9133950616666647,0.4023065473214262,-2.1117592599999195,-2.6660130720587984,0.05140086163792123,-0.23918763853276315,-0.2392727660748569,0.0736585009842492,10.0,-0.4753676468487448,0.568908140841595,-1.0545555560000017,-0.004881779166657932,0.177412222200002,-0.16361511754807767,0.20454861112500058,10.0,-0.2150227863281029,-0.019560432976449257,-1.590776353205087,-0.5231856413732464,1.006841563425969,-0.3077083337499746,0.16987547887931473,10.0,10.0,10.0,10.0,10.0
19,19,-0.6064022068493143,-0.5994444399999939,0.2929811506696434,-0.4477909482758669,-0.7978083134751768,0.3108581961419765,0.17392211236510777,-0.06353198316733216,0.2928078221062634,0.12069146824999938,-0.03138554665775025,0.28433333329999944,-0.20279522613065323,0.16659608041853366,0.09808655893461127,0.07329394144474057,0.2806267556179779,10.0,-0.04429089886935289,0.2296809404282161,-0.041757557169118685,0.08970024610759395,0.17389132554824446,-0.4942595599025986,0.1861809664940801,10.0,10.0,10.0,10.0,10.0
5,26,0.011838345657672722,-0.2647495978285075,0.16001323965827288,-0.7378990666875775,-0.7692178356140293,-1.0780913974014363,-0.10290154972789231,-1.4880975451550391,-0.2512756572101813,-0.012295460332544297,-0.07264881017856965,-0.6021862343502341,-0.769758199849402,-0.11486424802361447,-0.28260593074866275,-0.24686152825406843,-0.39560798088123833,-0.1740970440547457,-0.5064121776946158,-0.24182195665829237,-0.1167638889999858,-0.2191395661788579,0.08259103552091583,-0.7228571429761954,10.0,10.0,10.0,10.0,10.0,10.0
6,26,-0.25177533201827257,0.07293430325396627,-0.8888606589430874,-0.5264346033699079,0.03993974074073537,-0.7214163693850187,-0.6660333075810199,-0.1894728534091098,-0.6021402355769223,0.31846247552631896,-0.4343215802884787,-0.4894944903462414,0.020255590145228486,-0.36541092349625265,-0.2939403923550093,-2.1153810054054456,-0.8798859119318281,0.1745782199386231,-1.6598698557086766,-0.604239907714849,0.4742144807377054,-0.320509378962629,0.09640319563079176,-0.9893672833333153,10.0,10.0,10.0,10.0,10.0,10.0
6,25,0.03475970019841266,0.25485402922915423,-0.2809081198076928,0.2056434767030849,0.38726851850490196,-0.16272636595303963,0.17754643273879805,-0.057943206019107234,0.13670384213512093,0.1660552032543389,-0.35262990458220717,0.026588460660045398,0.20837629557757362,-0.21756732414430716,0.2185374228750018,-0.21384625390218243,0.1088626729317258,0.31551480057914993,-0.3990533707704717,0.04341652195312632,0.19196664778911193,-0.12833067166811782,0.36686037462658544,-0.11311501806414226,0.7996669020762727,10.0,10.0,10.0,10.0,10.0
7,24,0.2319116639440996,0.5487334654166658,0.19174572676922938,0.6361711447429909,0.665284935695872,0.29074129008313765,0.4151403357514885,0.30229956751497034,0.45923372143218677,0.553812862085306,0.18063907433184845,0.49412669351219624,0.7977670938461512,0.08160646760355052,0.496442106023221,0.4034877035031778,0.33222195131579596,0.819343266970208,-0.09293769122706551,0.2165045809421761,10.0,0.45033655981308507,0.7205801859195342,0.4944317250000031,0.7534722224264679,10.0,10.0,10.0,10.0,10.0
7,23,0.003576030927834276,0.739524370636795,0.5011433390883988,0.5161662926346808,0.3958290475308646,0.3290983983898278,0.350365497733919,-0.002394006359649341,0.4420569111076326,1.1674292780674846,0.42653117561161585,0.17615771422413995,-1.3843253964286022,-0.19161922813093107,0.7589623922077939,0.5564740929078131,0.23403764190341858,0.30282095556993804,0.44162590919864975,0.12252121953125868,10.0,0.21473638643090906,0.6352874235416645,0.2168263102011481,0.6228579811619583,10.0,10.0,10.0,10.0,10.0
8,23,0.2212329931632656,0.7177207357142809,0.4349172384417817,0.38890599433497436,0.7645833336538689,0.13571673726851763,0.45297724547871976,0.22663784119497116,0.413203807865168,0.9222916646153752,0.25879402573529786,0.39671432257335737,1.1410818720394713,0.4482297778967229,0.3550154322048545,0.784562733492816,0.2628421902173927,0.4605421710843117,0.35303348265503104,0.48680555509804735,10.0,0.5180452514094996,0.7812082726394782,0.10340428790759779,0.8437326381250202,10.0,10.0,10.0,10.0,10.0
8,22,-0.2898577190014366,0.538009906293709,0.11721230106026788,0.31969149747736175,0.46320429539006686,0.18099346898321123,0.3126727194871806,-0.0361587843821529,0.4826901473963614,0.18686821447370072,0.17337478626101147,0.17099253070012393,0.40622871465518295,0.5752239195667644,0.20547167605337024,0.1789031126004039,0.26143086673427446,-0.02574310127388195,0.22508903197586644,0.17111515947308237,0.7147058823529335,0.1497114567026786,0.3983571335038416,-0.015346877922882758,0.04262400767856379,10.0,10.0,10.0,10.0,10.0
9,22,-0.5306315108072934,0.5142013875000011,-0.011436434909908845,0.28851575373133886,-0.013888875000003539,0.41073665465686154,0.25006944583334195,0.0011994950757766541,0.2016666658695634,0.26034722499999574,0.14387626310160723,0.07566176029410493,-0.3396087432927017,0.377358488915096,0.27564262388058963,-0.132537264024389,0.01426687215190014,0.4856359736841828,0.16719409272155145,0.30075313380280166,10.0,0.08800776370969404,-0.23598484848481044,0.14710960810811402,0.5701389375001219,10.0,10.0,10.0,10.0,10.0
9,21,-0.9598685815587263,-0.14002902238805906,-0.22824263555646487,-0.2594565219927528,-0.6483677591880329,0.1010842208259339,0.3448060896166106,-0.6994040495960494,-0.23343220591367483,-0.2066331400862355,-0.2941613465116261,-0.2529599617669822,-1.0627870184475794,0.02757644286821835,0.03314832789575456,-0.2395300012254906,-0.16153541935167284,-0.34538690401784816,-0.18240878343239555,-0.3311636178048905,-0.21160381717877697,-0.3930272494904931,0.11412147799042642,-0.23579395398981434,-0.5067229418103567,10.0,10.0,10.0,10.0,10.0
9,20,-1.267504339648437,0.06272786440429656,-0.5050879805776899,-0.8686224841191077,-0.2887401575590557,-0.24242402055749135,-0.36071710106382743,-0.4187128278892961,-0.37750500500000056,-0.1796759739626579,-0.6456754275672439,-1.1677394282338212,-0.3397786988785964,-0.10512896957142907,-0.7229700868343236,-0.5713902943641581,-0.1888643983627126,-0.1566320962881998,-0.865293141261059,-1.1436523448242062,-0.03431069876543009,-0.6864465911835835,0.0360794739749415,-0.3541194261224457,0.07814376891892774,10.0,10.0,10.0,10.0,10.0
10,20,0.13850762482492945,0.11655752153033122,-0.2363014621556475,0.031047588914731403,-0.013096161824953885,-0.30567609488342035,-0.3981701378749966,-0.18363604020655214,-0.11753818567072831,0.2371450203976767,-0.32155703234703753,0.14596167208050104,0.060795565438595614,-0.14161420840826577,0.05405801275511452,-0.2540632196567412,0.1997951067567538,0.0838336319508398,-0.4864127777482267,0.13855199512082178,-0.05684216337209956,-0.43854361448597745,0.24738662122448932,-0.15491923584801742,-0.3453993057291877,10.0,10.0,10.0,10.0,10.0
10,19,0.45735437254043165,0.49421437013677716,0.36070129033722553,-0.012099913840831275,0.4031804390231068,0.10091704976993734,0.15695382913851333,0.06993506912997847,0.3260041490201272,0.38056765387630703,0.13558337382179664,0.041664400938009036,0.3441972528393321,0.3775430780748673,0.368865227986727,0.11934451700581761,0.18474951922169547,0.49466866545202565,-0.06711898690932273,-0.14601974845132487,0.509541264309572,0.2048951048076998,0.7865895665354411,0.30029701525876235,0.028209805529957874,10.0,10.0,10.0,10.0,10.0
11,19,0.451630305579398,0.3706526648374013,0.41750196356132097,0.2715996163793121,0.5112634416129057,0.06122819840116686,0.42185791803278067,0.4452619058571428,0.44623357844827505,0.9033126295031016,0.1453101645739892,0.9321212118181846,0.4278613203007516,0.6465945968213075,0.2469097250000143,0.5028104593137308,0.194162740094349,0.6313762621212525,-0.0049356817113849465,0.11196789448052025,0.4127888909999982,0.27777274637678884,0.7965413941176536,0.45298520844153717,0.6646464636364464,10.0,10.0,10.0,10.0,10.0
11,18,0.5652377683127574,0.1971950488043476,0.494978283794788,0.5246205617912364,0.46048370488861284,0.2712223133855032,0.4633416369565214,0.12386584126637833,0.54011128900641,0.7925769522297327,0.20991456067784403,0.4386546580166291,0.33840797720588384,0.4522608119577936,0.13696864583333485,0.4472098394873697,0.4035745466601198,0.6101553905940653,0.1435601857499939,0.23701813897958315,0.4520523831476371,0.36267598986301075,0.5713436460227289,0.44736802348366234,0.12173845112357677,10.0,10.0,10.0,10.0,10.0
11,17,0.5772509590517252,0.8454755886363661,0.20298700144230564,-0.1357677032967009,-0.2152672590909079,0.2863315241304327,-0.390402159328362,0.01200396607142275,-0.2933600976744229,0.5129101057086617,-0.04662905182292414,0.5688709994318241,0.15487117318838753,0.20039444370000153,0.35463789285711594,0.4388316542582524,-0.014859761893213337,-0.531922514210539,0.2177188559091022,0.255520249999987,0.603985820833318,0.0734407752358582,0.11153484025423556,0.16654839617905293,1.7857238274039477,10.0,10.0,10.0,10.0,10.0
12,17,0.3450879755131963,-1.2670064380901287,0.03241096935897478,-0.02709557070484696,-0.26123201830357334,-0.22887292169197107,-0.13590146556603686,-0.05503883026881388,0.08453220055969748,-0.10836194931318772,-0.4376181790518668,-0.15098951895604618,0.06659928187331952,0.08977835579494908,-0.07389264189189097,-0.028731290112262647,-0.18279562962382356,-0.5592531684210452,-0.08592692603143447,0.1954586967105294,0.032636642394821586,-0.21771535533709124,-0.33923085018940746,0.2068785928340496,0.6731876707316112,10.0,10.0,10.0,10.0,10.0
12,16,0.28012250842696707,-0.36604961521084406,0.07122056965613335,-0.384183114802633,-0.7054153475653163,-0.08808990532258565,-0.6875838114224158,-0.6790586779904341,-0.22020549841836728,-0.6018902163623592,-0.021820420066887756,-0.30267374073033904,-0.5490163849369087,0.08600078979933398,0.4890905080645014,-0.5270017120423895,-0.6647089783007305,-0.6439434767412888,-0.07415075354168028,-0.024280209124089562,-0.05730276506849328,-0.3025466480623037,-0.9617252076446073,-0.2797127463195627,-0.6412660283653511,-0.46313131250001993,10.0,10.0,10.0,10.0
13,16,0.294787764044945,-0.11697840500267509,-0.057441386651377775,0.015767883849556304,-0.41775923511125757,-0.4799938266111056,0.017128361210043436,-0.878419159634548,-0.2970475723053966,-0.21598880923566438,-0.32973673289800465,-0.000423590909087384,-0.6892923674581066,-0.4519019720982137,10.0,-0.4793771046717181,0.006784739664082886,-1.4211551490853631,-0.7275665291083758,-0.7488281253906357,-0.44477258956043725,-0.19475799689394308,-1.1537129626666625,-0.027029641365980003,0.8124368636362611,10.0,10.0,10.0,10.0,10.0
13,15,0.2693690457142852,0.17839890806451714,-0.07137871910732112,0.29008267858546455,0.03480206908906797,0.32429613256785,0.5038184691362365,-0.08870170643531076,0.33268337076960036,0.1544192615384584,0.2342806802736328,0.21039558953674167,-0.095433736452513,0.16642910912362255,0.6015547010638328,-0.05036783956173511,0.37470934657464305,0.0909014726755676,0.07007397328804427,0.12893282329932618,0.19137788729373473,0.22818317057426918,0.15909248223184908,-0.040042247230320224,0.5448822222800033,0.28222222222222104,10.0,10.0,10.0,10.0
13,14,0.5142658785714277,0.2927041093369827,0.1320529021629214,0.16363598914590563,0.31913972881637287,0.29381969283153875,0.33598416965725647,0.30103701011661743,0.4022646084932853,0.11673204278243092,0.2828468470323743,0.32572029738882896,0.47947710646186303,-0.11023098100945194,0.6069736280017183,0.516496212348485,0.45841810093896157,0.4313433586608136,0.2311896564814801,-0.3534551456967316,0.45454738479959345,0.43938184260949015,0.3085320761231298,0.2090762022385119,0.43536075847457517,0.27670250887097253,10.0,10.0,10.0,10.0
14,14,0.26856691590908954,1.1367781122852239,-0.04660040475910713,0.4538719230331269,0.7007068184855194,0.2447817454464317,0.9418898808928599,0.32801219346275556,0.24357815372880856,0.22581535217633672,0.7165179292329952,0.7039800143192538,0.06367890928853578,0.39893586054279734,1.1383165188225501,0.10219743895759914,0.4778964771166153,0.8566589731049505,0.2504944363303993,0.8588173348484879,0.47452840988612544,0.10188120327808886,0.6125858075430964,0.239887152400914,0.8840515978891912,0.05902777763158445,10.0,10.0,10.0,10.0
14,13,0.4550105474683558,0.7264161622356496,-0.3738072332149194,0.4860719869718334,0.5837283378440355,0.11061904957142861,0.8341385933510571,0.16140108356531235,-0.1714088974152513,-0.060636752538462985,0.3717822648033133,0.24345300471698134,0.030236151261121672,-0.02947553723880087,0.7887439954417244,0.09453647884035928,0.18683203871822204,0.2306789111293752,-0.24457665591345737,0.340805559500007,0.2737754458651421,0.5511049905015268,0.368964432648743,0.24885783682842122,0.27129166599998195,-0.150566893367346,10.0,10.0,10.0,10.0
15,13,0.3532910652173897,0.3565180304385974,-0.3170268494106095,0.19555386158535634,0.46074097741116427,0.3309354191239401,0.5879916872262791,-0.3133577158307199,-0.23446026058718858,-0.21325969345637988,-0.008809651923075926,0.1267706507853339,0.08648735781733838,-0.140404372265625,0.5632631252747319,0.17254040154545747,-0.4297523718861195,0.07844945184427658,-0.5658982375908087,-0.9608333333333056,0.14105864211111635,0.15355631416016008,0.3126121456521562,-0.1243323566666561,0.18198464907894726,10.0,10.0,10.0,10.0,10.0
15,12,0.08888888940217375,0.07794756157314682,-0.457204620259019,-0.05694444384714799,-0.1975861916398696,-0.320250662369601,0.07141170949008614,-0.1926973395448549,-0.44743792794888204,-0.20858694753134563,-0.17607496171993908,-0.6419151375163762,-0.15133093204172185,-0.5712957988222742,0.023723218273542786,-0.15785913167475718,-0.6397651630917178,-0.30749547074275907,-0.422686094818269,-1.645953525000024,-0.03665554622904823,-0.8005187299797939,-0.0033203130208353925,-0.27223390142301856,-0.16791280763889002,-0.11940192755101407,10.0,10.0,10.0,10.0
16,12,0.9712963333332972,0.09325397222221891,-0.8316054894345258,-0.43300120760870064,-0.6844208636792548,-0.5209375000000003,-0.02760416562500002,-0.5331040346698119,-0.2292976905660432,-0.4584044521084286,0.07132237992956837,-0.7470661067829772,-0.06981944650010365,-0.21929086610576412,0.05670572656252687,0.02577039687500007,-1.455497198109275,-0.03118872536755459,-0.336123366029405,-1.1451587300000157,0.3502659632978625,-0.7735430281862866,0.39407276936615077,-0.12813109122809146,-0.19734953874998457,10.0,10.0,10.0,10.0,10.0
16,11,-0.1566609961734675,-0.5394452654527555,-0.24111623371607482,-0.9343148662709496,-0.2575336376171859,-0.9383535235682812,-0.6800275757263928,-0.08334454434977626,-0.6003469316945659,0.12333486840469274,-0.027554870010289795,-0.4276848831769943,0.13069165307789088,-0.4636959877976189,-0.31495435307632297,-0.28662829263674094,-0.6587949955992368,-0.29437448559259566,-0.2254996541908758,-0.20040524138817395,-0.2052829435950431,-0.5245570961871576,-0.08926543203703431,-0.2506725348079621,-0.8891367912471432,-0.4154922397058858,10.0,10.0,10.0,10.0
16,10,-0.03551810224719152,-0.7296880695082,0.03639406737683059,-1.1887641057291618,0.1523393326684989,-0.501281686748635,-0.949202566419488,-0.48825372567072806,-0.49970227462486444,-0.021922602419348677,-0.30499373203124086,-0.6953077261939212,0.40573418381502996,-0.6877237654166627,-0.5519125685597285,-0.3014579681937203,-1.0450119273545746,-0.38513793325687967,0.09051013445179729,-0.796296296551703,-0.6515591414516317,-0.6358991474705121,-0.5261881418907539,-0.4869032533269935,-1.0224160879166424,-0.23881481333333554,10.0,10.0,10.0,10.0
17,10,-0.8613281250000019,-1.3759138279097376,0.3203989482896091,-0.3767869594142308,0.2202192642939795,-0.07219464134751796,-1.2430728623831795,-0.08305950787601779,-0.24936696909013756,-0.11518727055687555,-0.43792093969231016,-0.6749438946826039,0.488369059067919,-0.655750000000011,-1.1305186675519605,-0.5047467328991617,-0.0323083998493962,-0.13423629288510744,0.13726541401928302,0.13964460827207,-0.041272420341276414,-0.1935799787841153,-0.2372514950896851,-0.07768589599780786,-0.20425109994422772,0.08055644810411601,0.0,0.0,0.0,0.0
17,9,0.18623125982045707,-0.397496770483005,0.4003632523930537,0.01765427146869833,0.32430413395599067,0.24124000710388047,-0.23269746124089716,0.23375896023842885,0.18206178874319576,0.08377088330847324,0.07751093327218064,-0.03563255707871259,0.39314737737512484,0.19691781769845368,-0.2876429634457008,0.3947862454275097,0.2461266182038823,0.07113549969335087,0.3288669418210892,0.09873885616438212,0.1426663044925549,0.22389908165301003,-0.25197820901800794,0.3692638426101391,0.10770796761263254,0.6347040668300723,10.0,10.0,10.0,10.0
18,9,2.189027779999968,0.9114444450000014,0.42922619040816207,-0.23781893000000182,-0.10111416373626875,1.2316002957964622,0.22097221999997693,0.5679959102760717,0.6218089983471428,0.45290316354166926,0.1717714421052661,0.9647085622950579,0.603401733928577,-0.3197112753694461,0.20927076141304113,-0.07708333343815482,0.3690637741399087,0.5635843074560684,0.6669791668749997,0.5522674676136415,-0.18710133333336543,-0.41659643988756634,-0.041666667968746934,-0.06414046856287495,0.7463427942139911,0.6021488471698115,10.0,10.0,10.0,10.0
18,8,1.0159656705188698,0.13938657291666778,0.4139397462292944,0.20360970107868132,0.14674577167063,0.8836753900413242,-0.0901772672697351,0.28780013484013267,0.9762578332971796,-0.17504234430112164,0.3435043793323845,0.0339315770562784,0.49035555960834315,0.6310214481012597,0.011132179317388203,0.39125462947916567,0.7981243191789263,0.3489462766492999,0.40293897258469696,0.07399751381323351,0.251460953891511,0.8438151824007174,0.06548973689758666,0.3577231765843124,0.3918821171745143,0.6876456875291417,10.0,10.0,10.0,10.0
18,7,0.6219663745614032,-0.4549074080952367,0.22843962596938638,-0.002924751190478285,0.31617638067928505,0.6417965432251901,0.12661379488635996,0.13873978786764718,0.5845246640086178,-0.09185572954843388,0.37428523097561284,0.053553921241822594,0.19287512911215116,0.0740948478632532,0.036217948662203216,0.4376475522417145,0.549931469572349,0.18379091220931879,0.3861037496466332,-0.1766000773287703,0.2142708323611088,0.47510562758900227,-0.07753257519330398,-0.008380132989124604,-0.17300117605823118,0.3199963197019869,10.0,10.0,10.0,10.0
19,7,0.712883137931036,-0.3222298957182326,0.1832318376923093,-0.16944084585492183,0.2201781396195667,0.07298457886435407,-0.05962514892472861,-0.04553517518115835,0.26931065366972246,-0.0619771244444411,0.31540285181451866,-0.2765828662011153,-0.01207062951219231,0.7358590961693533,-0.3160158440326571,0.05993990408653847,0.2698673002475144,0.5166100559782489,0.11128805212329347,-0.20614938387784196,-0.13250696917562418,0.4879689297680289,0.04543554441748647,0.04637805143736842,0.1158333357143142,0.5113914376146799,10.0,10.0,10.0,10.0
19,6,-0.037731472222224754,-0.6611887788651323,-0.029148532219662404,-0.14234403469945292,0.07593602996031756,0.048132794706631864,-0.1274701356865314,0.05697597892398803,0.19245749217081795,0.11344073287135698,0.06950246094936409,-0.04110738322147869,-0.1382056759209361,0.659291939411759,-0.19175271027960616,0.139118568417638,0.17088210021067674,-0.005501825693429418,-0.20029309910072574,-0.047285191954027576,-0.27700936856508857,0.24036118322454664,0.16031335342820152,-0.12633399567127107,-0.08708165955249471,0.017341307770911318,0.6646978021978028,10.0,10.0,10.0
20,6,10.0,-0.6528240733333295,-0.043071219736840215,-0.6260416665094367,-0.37868827018518275,-0.02182898493975496,-8.680069443656334e-05,0.1659484140000008,-0.3201704465909,0.297740263424441,-0.1589044651869143,-0.22185121746574182,-0.20631696357142748,-0.13417245312499068,-0.6040948256896554,-0.02144521870628451,0.06842849398147421,-0.32256301041662555,-0.48182663638391915,-0.01894221294641946,-0.3993628283505203,-0.19849998999999896,-0.31503589606742466,0.008520532608717248,-0.33663432328764387,0.10248893871679797,10.0,10.0,10.0,10.0
8,18,-0.14889164817880857,0.19812312331081094,-0.013152841935484674,0.2741020113505702,0.20565186532847027,0.2858179011111102,0.12309272306337954,0.525116765044245,-0.22274904224140438,-0.272880264415331,10.0,0.4797258308441507,-0.056570365262423414,0.3669661457812445,0.12784792373737353,-0.04473728237951651,10.0,-0.09271913588888683,0.242435622317591,0.371239517924527,0.1838823443717344,0.3111733003731102,-0.014567901111113644,0.019698183653846364,0.07536582343750144,10.0,10.0,10.0,10.0,10.0
8,17,-0.2610243062499899,0.272839505555557,-0.5910383595237987,0.10407197159092553,0.03683862500000116,10.0,0.041493056250007654,0.0872685183333383,-1.7805555499990962,-0.8989664081395135,10.0,0.08395061111108465,-0.08736702127661113,0.13169191931819857,0.2674355151785643,-0.15397222200000787,10.0,-0.3173254987180422,0.03422309062506863,0.4566287886364053,0.15147946739129048,-0.10754629666667594,0.13650793571423814,-0.2717592583333108,0.2601307191176198,10.0,10.0,10.0,10.0,10.0
7,17,0.2859375000000001,0.08448522936508066,-0.09699328447802318,-0.0677247119103782,-0.14731506243315465,10.0,-0.030887681159419932,-0.030117258811475475,-0.24882216789216077,-0.507581018526784,0.46902777750000146,-0.3804738558823508,-0.06925719888743592,0.2903448880252049,0.13943009917840543,-0.035452097704080754,10.0,-0.04813161369046487,0.11674933859126924,0.03870929094827109,0.32560286950549555,-0.03425687293814286,0.6631365765625105,0.035085978571433835,0.20322822815315458,0.04381944500000211,10.0,10.0,10.0,10.0
6,17,0.01918981500000013,-0.24536458375000753,0.11414609120370385,0.2542253521126762,-0.4674975196428544,10.0,0.13769157068965357,-0.10447303823529336,10.0,-0.1139384916666714,10.0,-0.3041062826086944,0.11789215698528845,-0.2257543107758517,0.041238425833334307,-0.01754454905660576,10.0,-0.3344328708333219,0.18243371193181715,0.25828993046873927,0.050549095930226856,-0.03652777700001146,-0.45451389791664876,0.10120370499999672,0.07735042692306278,0.06443452321427633,10.0,10.0,10.0,10.0
6,16,-0.18277439024390285,-0.14167446966291966,0.16321202500000018,0.13855363965517054,-0.40178626500000153,10.0,-0.3543892450320523,-0.16830246916666639,10.0,0.016381048185481906,10.0,-0.27492063785714665,-0.34573622828389594,-0.09611654259776448,-0.30427489172077143,-0.1174334491319469,10.0,-0.5396773184210478,-0.07256136937983568,0.012425109068633058,0.11601142439515695,-0.23915165101351307,0.0008928571428518126,0.10227958913043243,0.15788817692307758,0.12955729166666852,10.0,10.0,10.0,10.0
5,16,-0.01332465312499928,-0.3707556649671055,0.044037356321839055,-0.07453478980582415,-0.4697567611111106,10.0,-0.47380839644886213,-0.37368578252687795,10.0,-0.2987321607798133,10.0,-0.2610648150000048,-0.6460864489486056,-0.2679481672680426,-0.9641398927710981,-0.5040117904676245,10.0,-0.328336894487182,-0.5721976402654874,-0.4243886512820544,-0.08936298052884437,-1.0369229274647866,-0.7353494620967739,-0.17299382708331404,-0.9155841499999945,-0.08198198175674784,10.0,10.0,10.0,10.0
5,15,-0.08445215972222155,-0.764653656962025,-0.16576227383720926,-0.7819701648148155,-0.6544138417372898,10.0,-0.5609250991071464,-0.5964994331632623,10.0,-1.1506837607692213,10.0,-0.3726608184210298,-0.7491042075443672,-0.2775625978873086,-0.9168198529411711,-0.7371710530701658,-1.028003875581412,-0.18807870416669972,-0.8464513887500155,-0.7601797391176237,-0.2896869817164147,-1.04880341846153,-1.146180556250068,-0.4624198721154041,-0.4079444450000006,-0.41458333399999964,10.0,10.0,10.0,10.0
4,15,-0.05405092708333443,0.02634297520661134,-0.18860018735955092,-0.6534366096153845,-0.46164976768060695,10.0,-0.31319697901459753,-0.40106443524590574,10.0,-0.9152224235507314,10.0,-0.10162835258621337,-0.4853282828409134,-0.167385057183915,-0.4046527778333343,-0.5137559101063829,0.22685569818731477,-0.2566734414634055,-0.2027352607142832,-0.5235592869403091,-0.4283015538135588,-0.6653996105263319,-0.8752264494564939,-0.26855791968085513,-0.34039351666665335,-0.2026491768518562,10.0,10.0,10.0,10.0
15,11,-0.6466880358974364,-0.460056582407412,-0.4913090494011985,-1.086624712239578,-0.41426202182836225,-0.760547787762237,-0.5892730515957468,-0.3895061724537054,-0.44086204615383706,-0.3173759923214267,0.035013230952379785,-0.6619614515306305,0.25304266829895267,-0.5479456033854256,-0.15564692609648806,-0.9409198132075539,-0.5999866475961396,0.04705836446628969,-0.55671844142009,-0.1763889166666558,-0.8354781965189622,-0.588749999861113,-0.5497525102393812,-0.5357595482812647,-0.5722056904761857,1.2281828697916308,10.0,10.0,10.0,10.0
17,8,0.9266666669999991,-0.09954709782608692,0.44680481675531797,10.0,0.36921123563433866,0.7469272384955645,-0.059193111904763604,0.5895299123076928,0.5163888887499635,0.21247659016852866,-0.06494633522725916,-0.23847222142858096,0.6870047379845005,0.5087211412337715,-0.01872105729166748,0.6131113497863337,0.8073286058510697,0.6407793227777839,0.9795815282467566,-0.1452806112245047,0.7417222216000086,0.9601655982692456,-0.20002777699996796,0.1977496525316577,-0.6920138499993778,0.6373263906249782,10.0,10.0,10.0,10.0
14,15,0.09008621982758734,0.2291021830357128,0.4626446768749981,0.36769547268517677,0.5742464070189301,0.4792096204896895,0.26786809808282486,0.28808048487179655,0.6930030025675621,-0.4183858124592796,0.11809509068687697,0.3043672014705863,0.48488186446359877,0.36207702022727145,0.6859174221088393,0.351817554938255,0.5876618124999984,0.3702739946497957,0.26941885960526735,0.12010105056088996,0.4219876118243283,0.6997048611249846,0.599521396283779,0.18955705702701844,1.2509993225609155,10.0,10.0,10.0,10.0,10.0
14,16,0.4014120375000008,0.7602633474025995,10.0,0.9292297977272775,0.4296717174242439,0.05978472224999986,0.01220930218023617,0.5221759261904685,0.27858072916667354,-0.8566169508522665,0.3032276272783277,-0.5717049321428642,0.5045321636513154,0.19937888198758688,0.5032897843220492,1.600381944999982,0.7023065473214147,-0.8150113047964884,0.47637836704541053,-0.08790397968749747,0.10206290882352934,0.5577160493055516,0.5504483123417953,0.5505235046154011,1.0323099407894782,10.0,10.0,10.0,10.0,10.0
15,16,-0.17226388900000086,0.18746477463768108,10.0,0.3964969149999992,-0.06185729072349589,0.0009713391916433427,0.01178219988789237,0.5091674647988549,-0.04150462953703882,-0.5382342896174891,0.22582173467799044,-0.09644147982456049,0.42872842500000624,0.030742801178005562,-0.6107705668269267,10.0,0.1718563320788592,-0.2418898809680487,0.19357026147060127,0.1052448830465609,0.1453062246987942,-0.14882338679039012,-0.398839085227272,0.32139713960395444,-0.1776205450471681,10.0,10.0,10.0,10.0,10.0
15,17,-0.5155555549999908,1.0738194450000296,10.0,10.0,10.0,0.42986112500009394,-0.5696759291667212,10.0,-0.12299382500001041,-0.21446758750003547,-0.34742063571430387,-0.5675925958334321,-0.3913194437501304,-1.1494047678569959,-0.846267362500065,10.0,-0.04513888333338501,-0.305357142857082,0.22222222500013433,-0.2906250000000017,-0.14027777499973726,-0.678819443749717,-0.9590277750008709,10.0,-0.21284722500003786,10.0,10.0,10.0,10.0,10.0
16,17,-0.5478145426470594,-0.1921574770676709,10.0,0.07274305681818556,-0.08207417568681388,-0.17311847104700862,-0.47048359497282655,0.38244221022727015,-0.755823412785714,-0.3879203219298191,-0.3057118424097666,-0.19219147585877847,-0.4455193236956468,-0.38464962741618025,-0.6966512638623288,-0.7459362148148267,-0.47211424451219675,-0.11398498681461906,0.01578982064873253,-0.35235042737030653,-0.32002192973684324,-0.6294037356034553,-0.49503535354544664,0.21139058262195243,-0.607795698790315,10.0,10.0,10.0,10.0,10.0
17,17,0.2261679295454545,-0.330003156250001,10.0,0.6135416624999916,-0.13206196576922205,0.2460451143616967,-0.4531216932142884,0.5475313108381533,-0.24885763899999472,-0.6841724531249908,-0.34419412136627536,0.3727218363888879,-0.6403381641304445,-0.4421105952917694,-0.4715837283175347,0.8021118722602695,-0.48966770537383536,0.5889930556249873,0.11646825396824975,-0.4292410714285566,0.7466503270588387,-0.025488505689654037,-0.19390135352564383,0.14724392382812712,-0.9081101187499965,10.0,10.0,10.0,10.0,10.0
5,27,0.06821933017127803,-0.4122896755376346,0.17711226770833452,-0.26492011648296526,-0.34029605274123054,-0.06394300140692759,0.013000426362864024,-0.29115296986302347,-0.11360561320998129,-0.1417058525862061,-0.006092590999999984,-0.31772372299169716,-0.29821947703488016,-0.06832979442674382,-0.03928899082568457,-0.6550154203703591,-0.1295040290220836,-0.18316687387639852,-0.17162867970084658,-0.023319892741932302,0.21706944539999198,-0.05844233506329764,0.06301945179045064,-0.2553472245000164,10.0,10.0,10.0,10.0,10.0,10.0
7,25,0.16245503561151106,0.9249183005882329,0.21518393310810974,0.6899594885416666,0.7279239763157751,0.2807017546052647,0.20964194002889863,-0.776880080487798,0.39646809892577706,-0.34029820294117724,-0.2560839320652014,0.3044639615196114,0.3668209888888636,0.26913487228915983,0.4110717083333383,-0.2460532404166674,0.1996058547297261,0.6230468750000087,-0.34407771544943067,0.45296201734695585,0.35138888888887576,0.30344464494585055,-0.031060979585779344,0.7752859499999518,0.225747863461543,10.0,10.0,10.0,10.0,10.0
10,21,-0.15727656956522032,-2.436631937500051,-0.6406250000001443,-0.13897571875000916,10.0,-0.42250000000008364,-0.30815975000004275,-0.299305625000061,-0.11226850000000077,10.0,-1.4098958312497862,0.018402779999998432,-0.9664351916666489,-0.9886110900004932,-0.98842593333329,0.10763890000015883,0.21430554999998472,10.0,-0.46701393750015596,10.0,-0.6756944999986734,-1.2878968571429674,10.0,0.33333337499984783,10.0,10.0,10.0,10.0,10.0,10.0
12,18,0.2175480778846153,-0.7501041662499891,0.039405684883723605,0.5068576354166792,-0.11414473684210663,-0.2333333250000022,0.5564236250000116,-0.0784090787878954,0.5933823441176358,0.23743685909091597,-0.6481150800000065,-0.5120580795454596,0.2278975060345094,-0.08548126627905638,10.0,0.031705728124991714,0.19001071153850363,0.8189814749999781,0.09159720000005177,0.6288194416666252,0.1133279971153786,-0.3023504230768697,0.2995580818181439,0.016045318421067115,10.0,10.0,10.0,10.0,10.0,10.0
5,25,-0.16916437601199405,-0.013323330228531688,-0.01899968788623588,-0.07871971471277918,0.0026605719409282785,-0.09627183075880669,-0.006602534353268524,-0.01759128663610648,0.06658010701133119,-0.7208626760563304,-0.32104166500001796,-0.836117601635535,-1.6987713673076583,-0.09185427471711631,0.090852864453096,-0.12127757352940974,-0.15068442359307324,0.08245487208201897,-0.10184854500000393,-0.015648997284908022,-0.014766536187846378,-0.02848269123743993,-0.009512341364903776,-0.018404187347765895,0.0,0.0,0.0,0.0,0.0,0.0
6,24,0.010175617561983362,-0.07436974789915701,0.3081808929878093,0.4631855088235287,0.528719558561647,0.5434594714285663,0.15810053565341106,-0.1097940612068971,0.22364310426829698,0.6200602726415176,-0.3403278297297268,0.18611292925392878,0.4101190535714244,-0.23155983096153768,0.7288439547058727,0.38195167812500835,0.6583749561514152,0.6342691093971777,-0.1985034844095876,0.15419389681373827,1.5782894736842301,0.5972408226934535,0.6690939161904826,0.759809870388346,0.9842479673780572,10.0,10.0,10.0,10.0,10.0
8,21,-0.5533637161458341,0.40654760714286015,-0.008568942857144967,-0.0512246614864921,-0.31839387499999805,0.07413928274648005,-0.00316734512196452,-0.49332483061224586,0.34707313079095803,-1.5051026619564811,-0.06619444699998818,-0.23110894042968277,0.5206855792553166,0.4849537043209826,-0.07180799605264214,-0.3887130825949402,-0.3668168145270122,-0.6174873742424477,-0.07186154089147245,-0.35814887499996345,0.31439950588235666,-0.31367786754142113,0.02241161250003745,-0.2754289213235596,-0.4647839505555467,10.0,10.0,10.0,10.0,10.0
10,18,0.7417929318181791,0.07916666249998411,0.6491071500000032,0.46186869431818117,0.7724637673913214,0.18569444708333568,0.5409534506756749,0.5772435894230602,0.4605792013297945,0.4441176485294063,0.4943348046052483,0.5782738095237635,0.2708333312500529,0.7683235850877304,-0.22458332500004077,0.7599305624999433,0.6533524913793026,1.0138071897059133,0.12285880208330158,0.3468750250000248,0.3728009249999884,0.36127777724999777,0.9573164678571292,0.881475698124955,-0.17986111250001907,10.0,10.0,10.0,10.0,10.0
4,27,0.0207041341085282,-0.3506063691463436,-0.024814800000003134,-0.027499999999998064,-0.012638887499996726,0.08984375312501344,-0.0006365729166675992,10.0,0.006018516666668281,10.0,0.018981500000003176,0.03407117812500316,0.03979700769230224,10.0,0.03472222142857898,10.0,0.024421296875001875,0.0652777750000649,0.07708350000006708,0.05347212499995396,10.0,0.013599535416668423,10.0,10.0,10.0,10.0,10.0,10.0,10.0,10.0
9,19,1.2836222968120818,0.6227954146825411,0.8885129967889855,0.5653885480061311,1.2679136255474401,0.12297653232758317,0.43482686438356005,0.6371931525193774,1.2202172935483473,0.9066406247395733,1.0944444374999631,1.3191611118000035,0.6249290125555619,0.951244212946414,0.7659171077380876,1.2642153815298314,10.0,0.7143740486301386,0.8089100241304357,0.47801535131580464,0.809117213825763,0.9166524938775363,1.1698611116666184,0.39670737543099055,1.1930215139705789,10.0,10.0,10.0,10.0,10.0
9,18,0.9373286435064915,0.5680303031818184,0.08450419912790791,1.600826446281,1.0975520831250052,0.4964243500000006,0.08123978750000373,1.0125826717261956,-1.5231630822580045,0.7421911423077001,10.0,1.2776019689873253,1.079266364108906,0.8537752525000223,0.413101073529417,0.6131172840909067,10.0,0.41483534959677504,0.46717171712121036,0.04613715312499441,0.43837348105469187,1.7697222225000995,0.5761408723214211,1.6233369881579118,0.5008708115079171,10.0,10.0,10.0,10.0,10.0
23,2,10.0,10.0,0.806571502314813,0.580154914423074,0.25697895124223297,-0.09157986093750223,0.216679646962617,0.2019403602941214,-0.02435224075630432,0.5363966771028051,0.5867701699044519,0.6723644179761906,0.37295680809248277,0.3644546215517253,-0.2501400556722794,0.07115929744898643,0.3031568552752274,0.9841845879032255,10.0,0.6462165481707258,0.2581967213114672,0.22914972926829652,0.5065972232142665,0.0678497944444525,-0.03132255391791285,0.07331989274194184,0.35653594852940695,10.0,10.0,10.0
24,2,10.0,10.0,0.032465275000001306,0.18999687893259073,0.11701388888888863,0.0051215270833330296,0.0841524217948698,-0.007541424122807767,0.00016627535211235676,0.11194661484374578,-0.046163194999998956,0.10455163043478988,0.17637648839285264,0.07326923076922942,-0.14343749937498534,-0.1538194458333604,0.4185185187500052,0.4945833300001633,10.0,-0.010737180769232545,0.020216049999993966,-0.011342591666662972,,10.0,-0.0041666683333414,10.0,,10.0,10.0,10.0
22,1,10.0,10.0,0.31618054999999534,0.020009291813381385,-0.05108357262930811,-0.41744162608695295,0.013306925880280304,-0.2695171959523749,-0.021593290094339326,-0.12119490413222384,0.36600000050000686,0.04359903260869449,0.0965277767716574,0.10949667628204794,0.07569444259259905,0.2175747865384793,-0.012136631686044173,-0.006856417957741086,-0.08125000000006218,0.02103703700000453,-0.020583336999999396,-0.017326392500006418,0.0021560069767321923,0.005776513636363826,0.05127965056179414,-0.002939279069764203,10.0,10.0,10.0,10.0
7,10,-0.007868773965517098,-0.0012596906976748675,-0.003260870108695402,-0.036218657853982754,0.04974582434640546,0.17423611250000978,0.0917775848958316,0.03366361798780675,0.07799012892561497,-0.030308030198019517,-0.08907565236742412,-0.0013240489851149898,0.0034377268954249533,0.006804394461859656,0.029950925933332685,0.0019440827473957763,0.009139185989304828,0.0036670598777345208,-0.00044683514344263757,0.005045598056846069,0.01778100776162582,0.0020305056362390182,0.013873792240338403,0.004022414547270575,0.0,0.0,0.0,0.0,0.0,0.0
7,11,-0.050715145934959675,-0.009726016939890978,-0.02756410247252718,-0.1271869487301592,0.0514892515151508,0.15427714602272716,0.3327119885526326,0.10513680833333319,0.09269223658940685,-0.012884049242421989,0.04303374933574774,-0.0854629629999998,0.08016493090277844,0.013872310676392129,0.3801374714285764,0.1889408098130874,0.15879997056878464,0.3635051171052688,0.11777777749999081,0.18654671704545353,0.3191546143595111,0.6057638889999608,0.3047361106249985,0.35727969310345037,10.0,10.0,10.0,10.0,10.0,10.0
8,11,0.1591089594014086,-0.37746318608433715,0.20080208325000026,-0.09906202679677788,-0.1253238989120151,-0.2261917009259253,0.21960648142857125,-0.24475886726384344,0.11309686446135835,0.1381566282178214,-0.08638454864583268,0.01937599825462021,0.07975040253623138,-0.028782402022272932,-0.03479214555172307,0.025691514345989135,0.14539349130434662,-0.2602316035620044,-0.10561647171052546,0.12976732191091905,0.19061312913105444,0.5503739316239434,0.4800696418555257,0.5928477286496333,10.0,10.0,10.0,10.0,10.0,10.0
8,12,0.19877260755813922,0.09857512953368044,0.025173612499988073,-0.0009920607142993745,-0.47705314021738743,-0.9162326375000114,0.36458333499997286,-0.6987847187501397,0.20150462500011615,0.0069444500000049,-0.39797008461537775,-0.27453703333345986,0.16722222499991773,-0.16239316153852795,-0.3734722249999095,0.15270833250000923,0.11536458124999718,-0.46076388750041214,-0.4211805499997888,-0.4312500000003864,0.16231060227268976,10.0,-0.03680560000000643,0.38333333571427136,10.0,10.0,10.0,10.0,10.0,10.0
9,12,0.20535078337339732,-0.15017505184128682,-0.15820876928251018,-0.2042542359604096,0.038958668247588174,0.18997790405302953,-0.23886507964285597,-0.3605294327394848,-0.1714430893902425,-0.2249150679856069,-0.08196102818408006,-0.12118608659291978,0.2426697529411739,-0.02930918330223846,-0.10823886232100244,-0.19318823404471505,-0.09906199677536374,-0.1656143790588236,-0.0976388887500017,-0.4745397605882419,-0.1127085220448354,-0.13029026235952382,0.1498570273897093,0.07988691798986897,10.0,10.0,10.0,10.0,10.0,10.0
10,12,-0.3874935688657413,-0.16713082435483817,-0.12108504134304232,-0.11464460786199232,-0.0020645645469000735,0.04662307994450014,-0.12552306710526306,0.17408754660493672,-0.17286594887640533,-0.7533002036697353,-0.5278329565406986,0.12259809323432343,0.7338230997368597,-0.16699716720963279,-0.1625270564471255,-0.5887935727941208,-0.4640474965277799,-0.3049032373161718,0.08449820725807247,-0.8832225627300306,-0.6479375417334716,-0.5852594339622555,-0.2412333357999925,-0.4189723599753727,10.0,10.0,10.0,10.0,10.0,10.0
10,13,-0.5154048660947713,0.03163735981651368,-0.22576093390957577,0.11508896566820354,0.07645982059308185,-0.008239538311687654,-0.5072115383136088,0.08786172159340778,0.024217796153850342,-0.7497654526489945,-0.29330249478297077,0.09169312161904614,0.30063188243242317,-0.27475282481840024,-0.04378954468749606,-0.31736662261904514,-0.356683595895515,-0.019805922177422244,0.10965073529411726,-0.3808407739955599,-0.5181186869107705,-0.9545717590278132,-0.15093810964913323,-0.36050232367841123,10.0,10.0,10.0,10.0,10.0,10.0
11,13,-1.217420242079207,0.10252913401145229,-0.21348690875113932,0.02873094702023986,-0.09026481923445058,-0.24672537093850347,0.053830065367646465,-0.17780578417695586,-0.05187783452380899,-0.20169492730061386,-0.14593307402752656,0.10081939010756225,-0.12123377945776823,-0.14204874413793087,0.0400798407698441,-0.15774485499040236,-0.16838604418298275,-0.004446721311476198,-0.07253236245954559,-0.046309505238540404,-0.06308365865306917,-0.6884698781645536,-0.5431338502450942,-1.1109553589376078,10.0,10.0,10.0,10.0,10.0,10.0
11,14,-1.2061373871621677,-0.2510492152173873,-0.033067507381305684,-0.20003805171233252,-0.0286533815217421,-0.13884920642857063,0.33895969499999967,-0.25669609999999765,-0.19973611099999541,-0.3374913196875121,-0.4855555536607186,0.3047302707729451,-0.057067000000045984,-0.519573917372884,0.28876689155406987,-0.4834145981383013,-0.7694907409999897,0.07729099686495479,-0.13686537663858134,0.25480919042058586,0.20663993611111203,-0.8235587000000139,0.5724143026596045,-0.21215832436100868,10.0,10.0,10.0,10.0,10.0,10.0
12,14,-0.48483591863111425,0.1254856277610206,0.10629429583333339,-0.2601471161340603,0.09271277780000034,-0.14270294600225233,0.40363275100566615,-0.038885871958926045,-0.4255615886321632,0.22372436814837512,-0.37289677074380356,-0.08573744849974695,0.1285545047375536,-0.4717872611223126,-0.011570898765434018,0.09216722425486622,-0.3749464635278995,0.21808979327131675,-0.07109876692569063,-0.44365592506157464,0.05225800027150238,-0.13165156974184744,0.23260323329383745,-0.11259275649340329,-0.11201445365854232,10.0,10.0,10.0,10.0,10.0
5,28,-0.008535869791666942,-0.005392155882351741,-0.003993056250000211,10.0,10.0,10.0,10.0,10.0,10.0,10.0,10.0,10.0,10.0,10.0,10.0,10.0,10.0,10.0,10.0,10.0,10.0,10.0,10.0,10.0,10.0,10.0,10.0,10.0,10.0,10.0
12,15,-0.24704868750001568,10.0,-0.3920634642856836,-0.626976496153833,-0.5255642156250103,0.4728745757575696,-0.07273224989626577,-0.3392336136690628,0.10995532263986575,-0.7904803260416631,0.20357142261904093,-0.24878474999997416,-1.6899305500003277,-0.4529166700000593,10.0,-0.09461806250017327,-0.18495472389868198,-0.8609126982143228,0.25007717222227105,0.1593750000000111,0.3166666249996041,-0.30693287333331265,0.28162037000003326,-0.9809461687500953,10.0,-0.07968750000001493,10.0,10.0,10.0,10.0
21,1,10.0,10.0,-2.961431624999938,-1.9280257933035736,-0.7204795597169857,10.0,0.044861099999999626,0.31728298624997414,0.01821581153846188,-3.1332682289062896,10.0,-0.08657408333332521,-1.0451841788043956,10.0,0.014120416666672799,-1.0784891597561237,10.0,-0.9031598728166103,-0.33494318181818944,0.31625586830985114,-2.080332341071537,10.0,-0.03905504463192876,-0.7921509503289386,0.2509722250000911,0.0052083249999815475,10.0,10.0,10.0,10.0
12,13,10.0,-0.12847219999996484,10.0,0.6788194458333559,-0.3271357448113106,-1.234241452884632,0.3188585070312357,-0.18524904224136032,0.07320601875006995,-0.15787036666674267,0.29279513750001107,0.6424768500001393,-0.4397095954545487,10.0,-0.2545138874999594,-0.28444444000002117,-0.5829861083334508,0.04750000000000498,10.0,10.0,1.1409274193546037,-0.729340278124986,-0.6548611250005902,-0.6775377231481622,10.0,10.0,10.0,10.0,10.0,10.0
14,22,10.0,0.3541223900167787,0.3151447990691493,0.11172919063573773,-0.25369689558823366,0.07369945026501963,-0.19606788084988927,-0.05129415447805447,-0.18175284899999963,-0.011127960145100022,0.03075169165931128,0.02096536353395032,-0.06512220419372335,0.06467139692029034,-0.055628746675031315,0.029250304136252223,-0.13857456138756125,0.0,-0.054336828576160644,-0.0290878644799035,-0.07134638740437337,0.0,0.0,0.0,0.0,0.0,0.0,0.0,0.0,0.0
13,22,10.0,0.00043283852739640135,0.04330246888888724,-0.06125440932539763,-0.7067824066666686,-0.45497495450819914,0.0042870657894708885,-0.3632557191176508,0.06365925189242902,-0.07933577489192989,0.11730926082214795,0.04141388320552381,-0.04419140799595349,-0.0011671796833775305,0.01442576239809686,-0.1069281895968758,-0.13464117723111954,-0.020555555566666824,-0.05729214034788477,-0.0008996005882332968,-0.00415723589506022,0.0,0.0,0.0,0.0,0.0,0.0,0.0,0.0,0.0
13,21,10.0,-0.4747066251336901,-0.4613715274999963,-0.20195601847222142,-0.3228623189130433,-0.4183319163265319,-0.13480392169117153,-0.17601796548634827,0.34936167222221737,-0.03545285359801474,0.8272133279556674,0.1914613056420214,-0.210999293644059,-0.08788156291208643,0.9747354494048031,0.38819444454543345,0.07025273229508269,-0.2011624396739109,0.06687747991070679,0.09872449005097435,0.0456532920370182,10.0,10.0,10.0,10.0,10.0,10.0,10.0,10.0,10.0
12,21,10.0,-0.851657636687306,-0.3884053644699137,-0.4715052147111906,-0.014012044753946235,-0.057528240190249484,-0.011297668957772584,-0.009722222210223327,-0.036206018527777405,0.02968938480096659,0.03810563873847852,-0.1589446263330219,-0.05034528860381854,-0.1519623442124109,-0.04307395142384246,-0.06428011292346295,0.02496796013948501,0.06050311793367277,-0.00938045373036628,-0.06766403405224403,-0.12402762793958759,-0.012594874788733109,0.0,0.0,0.0,0.0,0.0,0.0,0.0,0.0
12,20,10.0,-0.751809562019231,0.013357605097086889,-0.1863920692748108,0.16626954423652568,-0.5890491450549442,0.11642361093750538,-1.0106725151315903,-0.10316550924999843,0.41485957638120374,-0.34269713225805193,0.46766713728813775,0.007048069766147521,-0.19566131498470948,10.0,-0.3426807757936507,-0.43902352602042216,0.22902421666667372,-0.5138216846774151,0.22978927241377334,0.0963088769021597,-0.8429012351851557,10.0,10.0,10.0,10.0,10.0,10.0,10.0,10.0
11,20,10.0,-0.5019352385446688,0.28947749864715655,-0.21703111403394262,0.30593744665898676,0.08338900859913803,-0.24253002972973087,0.09383999569632533,-0.13568798917937575,1.3935054772535256,0.588856696026479,-0.21743284713055983,0.24137256215781053,-0.019982909430415006,0.8540219907852622,-0.10527365242574217,-0.2553459114848223,0.7063633777865009,-0.09245689655172568,-0.5532004830917855,0.08285118018135156,-0.030953011804452264,10.0,10.0,10.0,10.0,10.0,10.0,10.0,10.0
11,12,10.0,10.0,0.10235472528735617,10.0,10.0,10.0,10.0,10.0,10.0,10.0,10.0,10.0,10.0,10.0,10.0,10.0,10.0,10.0,10.0,10.0,10.0,10.0,10.0,10.0,10.0,10.0,10.0,10.0,10.0,10.0
11,11,10.0,10.0,0.004253471875000527,10.0,10.0,10.0,10.0,10.0,10.0,10.0,10.0,10.0,10.0,10.0,10.0,10.0,10.0,10.0,10.0,10.0,10.0,10.0,10.0,10.0,10.0,10.0,10.0,10.0,10.0,10.0
16,23,10.0,0.08142676727272687,-0.8944444440476166,-0.0306249999999983,0.009645061111107057,0.11875000000002442,-0.0009548624999981409,-0.0960513563953491,10.0,-0.12890625052083604,10.0,10.0,-0.009722220833333338,0.24600694375001847,0.002510684615383205,10.0,0.2777970680555551,10.0,-0.05115740833330364,0.3380208337500171,-0.0012152781250128562,10.0,10.0,10.0,10.0,10.0,10.0,10.0,10.0,10.0
15,23,10.0,0.972592044748521,0.14666895604395597,0.3841684027499997,10.0,0.7874208405440423,0.3798520531521727,0.4094648405594417,0.03306895095177715,-0.04482323223140417,-0.10074390631528989,0.2672079467344752,0.2534355437499993,0.7743765784090842,0.4642156861764719,0.4042438270202005,0.3247189153769844,10.0,1.3306887366438527,0.4974816848901077,0.9902559628272339,10.0,10.0,10.0,10.0,10.0,10.0,10.0,10.0,10.0
14,23,10.0,0.5037222219999911,0.6018939386363639,0.34699074166668903,10.0,0.6231481541665708,0.01006945000000342,0.19980159285718044,-0.256628788636391,-0.3409259266666857,-0.09194775130952228,0.3487881262254818,-0.27799145192305,0.41722222000002407,0.08083333499996617,0.35998264062502167,0.15575396785720838,10.0,0.893287041666588,0.5847993833330789,0.5845619673077157,10.0,10.0,10.0,10.0,10.0,10.0,10.0,10.0,10.0
14,12,10.0,10.0,10.0,10.0,0.455338532812502,-0.19425504545458036,0.24027777499998196,0.24347224999998876,-0.16630291904761502,-0.007899309375017954,0.4043402499999392,0.4083335000003513,10.0,10.0,2.0451389000002007,-0.7229166666666412,-0.24461806249998738,0.4572222200002848,10.0,10.0,10.0,0.0590740616668964,-0.3549679557691505,0.26388888461533916,10.0,-0.07499999999998454,10.0,10.0,10.0,10.0
16,9,10.0,10.0,10.0,10.0,10.0,-0.5565183085227239,10.0,10.0,-0.2205670985254683,0.0,0.0,0.0,0.0,0.0,0.0,-0.0057198224150139705,0.0,0.00034177368045680947,0.0,0.0,0.0,0.0,0.0,-0.01343116453323902,0.0,0.0,0.0,0.0,0.0,0.0
4,26,10.0,-2.5214409718749407,10.0,10.0,10.0,10.0,0.11224838985507253,10.0,-0.15694444473682514,-0.9467836263157948,10.0,10.0,-0.9668055550000296,10.0,10.0,10.0,0.06256753578224175,-0.032249999999999696,0.008220794894598565,0.0,0.0,0.0,0.0,0.0,0.0,0.0,0.0,0.0,0.0,0.0
4,28,10.0,0.05277777500000421,10.0,10.0,10.0,10.0,10.0,10.0,10.0,10.0,10.0,10.0,10.0,10.0,10.0,10.0,10.0,10.0,10.0,10.0,10.0,10.0,10.0,10.0,10.0,10.0,10.0,10.0,10.0,10.0
5,24,10.0,10.0,0.6666132471153798,0.49245071693548204,10.0,0.9748611116666706,10.0,10.0,10.0,0.10413359761903378,10.0,10.0,10.0,10.0,10.0,10.0,0.3707193205223783,10.0,-0.019655620467840435,10.0,10.0,0.4983796333333874,10.0,0.16565972250001776,10.0,10.0,10.0,10.0,10.0,10.0
5,23,10.0,10.0,0.35473251064814904,10.0,10.0,-0.7105867346938695,10.0,10.0,10.0,10.0,10.0,10.0,10.0,10.0,10.0,10.0,-0.06305555555555618,10.0,10.0,10.0,10.0,0.3067648465517409,10.0,0.05371794884614836,10.0,10.0,10.0,10.0,10.0,10.0
4,23,10.0,10.0,0.19236111034482642,10.0,10.0,1.1822916664062562,10.0,10.0,10.0,10.0,10.0,10.0,10.0,10.0,10.0,10.0,0.0666902072033886,10.0,10.0,10.0,10.0,0.6607090644736681,10.0,0.31103801118422125,10.0,10.0,10.0,10.0,10.0,10.0
4,22,10.0,10.0,-0.19569088269230855,10.0,10.0,-0.004501028703719769,10.0,10.0,10.0,10.0,10.0,10.0,10.0,10.0,10.0,10.0,0.08765068136792478,10.0,-0.17074915757577966,10.0,10.0,0.3319010414062291,10.0,-0.5892603354651015,10.0,10.0,10.0,10.0,10.0,10.0
3,22,10.0,10.0,0.055722222000001834,10.0,10.0,-0.5027906375000009,10.0,10.0,10.0,10.0,10.0,10.0,10.0,10.0,10.0,10.0,-0.031235827806123887,10.0,0.25014367801724063,10.0,10.0,0.19410842338710846,10.0,-0.46098646730770115,10.0,10.0,10.0,10.0,10.0,10.0
3,21,10.0,10.0,0.9505291011904744,10.0,10.0,-0.1905864222222138,10.0,10.0,10.0,10.0,10.0,10.0,10.0,10.0,10.0,10.0,-0.11597222234847851,10.0,10.0,10.0,10.0,0.08388157894735848,10.0,0.3369893786764516,10.0,10.0,10.0,10.0,10.0,10.0
2,21,10.0,10.0,0.3241255143518489,10.0,10.0,-0.3483240740000022,10.0,10.0,10.0,10.0,10.0,10.0,10.0,10.0,10.0,10.0,-0.06567460285714358,-0.6328616353773608,10.0,10.0,10.0,-0.35138888888888425,10.0,0.7137834037974838,10.0,10.0,10.0,10.0,10.0,10.0
1,21,10.0,10.0,-1.692129633333261,10.0,10.0,-0.28061342499999187,10.0,10.0,10.0,10.0,10.0,10.0,10.0,10.0,10.0,10.0,10.0,-1.3298611100004591,10.0,10.0,10.0,10.0,10.0,-3.7625992071431873,10.0,10.0,10.0,10.0,10.0,10.0
1,20,10.0,10.0,-1.083089826948052,10.0,10.0,-1.2455699306034478,0.7226444478000004,10.0,10.0,10.0,10.0,10.0,10.0,10.0,10.0,10.0,-1.8267361124991366,-0.1317636523418475,-0.003469496764704967,10.0,10.0,-0.8375455372950995,10.0,-0.3880373969081133,0.0,0.0,0.0,0.0,0.0,0.0
21,11,10.0,10.0,0.20772058823528894,-2.647955248611113,10.0,10.0,10.0,10.0,0.36112620760869,10.0,-0.010879630555552203,-0.08944047617857148,0.0,0.25130729162499876,10.0,-0.21353377670453588,-0.14887152812500612,0.25475898676469916,0.2812801931159382,10.0,10.0,0.1251519093750079,-0.0014660472222207824,-0.08736645384615646,10.0,10.0,10.0,10.0,10.0,10.0
20,11,10.0,10.0,0.2887152781250083,-3.271759258333392,10.0,10.0,10.0,0.015833335000002238,10.0,10.0,10.0,10.0,10.0,10.0,10.0,-2.5559027500004654,10.0,10.0,10.0,10.0,10.0,10.0,10.0,10.0,10.0,10.0,10.0,10.0,10.0,10.0
20,10,10.0,10.0,0.08704229829545503,-0.8795940173076862,10.0,10.0,10.0,10.0,-0.1056772623711342,10.0,10.0,10.0,10.0,-0.011130007596371547,10.0,-0.1734730849378855,-1.0181878309523715,10.0,-0.039395254427085524,-0.1638194450000094,10.0,0.33571759250000127,10.0,-0.1066176470588232,10.0,10.0,10.0,10.0,10.0,10.0
19,10,10.0,10.0,-0.22408033040540734,-0.47613168703703673,10.0,10.0,10.0,10.0,-0.523159722499989,10.0,10.0,10.0,10.0,0.08666750346385396,10.0,-0.8906158628289195,1.0451388891666615,10.0,10.0,-0.043138227380949336,10.0,-1.456125991964297,10.0,-0.018415637962967503,10.0,10.0,10.0,10.0,10.0,10.0
19,9,10.0,10.0,-0.43925438684210205,-0.25888888874999505,10.0,10.0,10.0,10.0,-0.451311728472234,-0.08504328386130237,10.0,10.0,10.0,-0.25743920838658096,0.033032351331717794,-0.9390087421319885,0.7004960314285775,10.0,10.0,-0.18701456310680326,10.0,1.3590455839743005,10.0,-1.0534237726744713,10.0,10.0,10.0,10.0,10.0,10.0
16,24,10.0,10.0,-0.16399305625000504,10.0,10.0,10.0,10.0,10.0,10.0,10.0,10.0,10.0,10.0,10.0,10.0,10.0,0.01055555499999714,10.0,10.0,10.0,10.0,10.0,10.0,10.0,10.0,10.0,10.0,10.0,10.0,10.0
16,16,10.0,10.0,10.0,-0.15972224999998008,0.12280092083334249,0.5556944450000038,-0.6123611099999138,0.6628472125000834,0.14166667499992372,10.0,0.19861112500017286,10.0,-0.5250000000003664,0.25277778749987323,10.0,10.0,-0.8100694499996027,-0.08006687407412974,10.0,0.31064814999987395,10.0,0.2006944500001988,10.0,10.0,10.0,10.0,10.0,10.0,10.0,10.0
17,16,10.0,10.0,10.0,10.0,10.0,0.2906862735294094,0.08792239407216614,10.0,10.0,10.0,10.0,10.0,10.0,10.0,10.0,10.0,10.0,10.0,10.0,10.0,10.0,10.0,10.0,10.0,10.0,10.0,10.0,10.0,10.0,10.0
17,15,10.0,10.0,10.0,10.0,10.0,10.0,0.039823388271605996,10.0,10.0,10.0,10.0,10.0,10.0,10.0,10.0,10.0,10.0,10.0,10.0,10.0,10.0,10.0,10.0,10.0,10.0,10.0,10.0,10.0,10.0,10.0
18,15,10.0,10.0,10.0,10.0,10.0,10.0,-0.25818355098039464,10.0,10.0,10.0,10.0,10.0,10.0,10.0,10.0,10.0,10.0,10.0,10.0,10.0,10.0,10.0,10.0,10.0,10.0,10.0,10.0,10.0,10.0,10.0
18,14,10.0,10.0,10.0,10.0,10.0,10.0,-0.006611570247930429,10.0,10.0,10.0,10.0,10.0,10.0,10.0,10.0,10.0,10.0,10.0,10.0,10.0,10.0,10.0,10.0,10.0,10.0,10.0,10.0,10.0,10.0,10.0
18,13,10.0,10.0,10.0,10.0,10.0,10.0,-1.147916675000222,10.0,10.0,-0.7496804325221251,10.0,10.0,10.0,0.06903190321784478,10.0,10.0,-0.5518378831896503,-0.8227319739361747,1.220770202272503,-1.8860702614705829,10.0,10.0,-0.17955945203619672,10.0,10.0,10.0,10.0,10.0,10.0,10.0
19,13,10.0,10.0,10.0,10.0,10.0,10.0,0.010142045454544078,10.0,10.0,0.3200795346153807,10.0,10.0,10.0,-2.814675925833401,0.1933393719565183,10.0,0.15205761388889075,0.47294169166668115,10.0,1.3383384146341626,10.0,10.0,0.052387152840911264,10.0,10.0,10.0,10.0,10.0,10.0,10.0
19,12,10.0,10.0,10.0,10.0,10.0,10.0,-0.14192708320312253,10.0,10.0,10.0,10.0,10.0,10.0,10.0,10.0,10.0,10.0,10.0,10.0,10.0,10.0,10.0,10.0,10.0,10.0,10.0,10.0,10.0,10.0,10.0
20,12,10.0,10.0,10.0,10.0,10.0,10.0,0.20029914499999757,0.25413888900000464,10.0,10.0,10.0,10.0,10.0,10.0,10.0,10.0,10.0,10.0,10.0,10.0,10.0,10.0,10.0,10.0,10.0,10.0,10.0,10.0,10.0,10.0
9,11,10.0,10.0,10.0,-0.32753968142857465,-0.05416666607142925,0.24032446302521313,0.008961648809536935,-0.4197685200000469,0.2839285749999528,-0.6396990708334596,-0.3614463594827826,-0.23874521206898322,-0.20694443749989483,-0.01527777625002955,-0.28368055312503687,-0.6013888874999794,0.01597222321429472,0.1985460062499863,-0.05361110999998866,0.14768517619050417,0.3746031745536085,0.6391203749993849,0.39518518499989636,0.4777488499999772,10.0,10.0,10.0,10.0,10.0,10.0
18,4,10.0,10.0,10.0,-0.13962673593751257,10.0,10.0,-0.3461004269230678,10.0,10.0,-1.0192708343749701,10.0,10.0,10.0,10.0,10.0,0.21593253928571082,0.10646186440678151,10.0,10.0,10.0,-0.10281862794118338,-0.45624999999999954,10.0,10.0,10.0,10.0,10.0,10.0,10.0,10.0
16,18,10.0,10.0,10.0,10.0,10.0,0.0036458312500001052,10.0,10.0,10.0,10.0,10.0,0.0794642857142804,10.0,10.0,10.0,10.0,10.0,10.0,10.0,10.0,10.0,10.0,10.0,0.17574786346154847,10.0,10.0,10.0,10.0,10.0,10.0
15,22,10.0,10.0,10.0,-0.08750000000001332,10.0,10.0,10.0,10.0,10.0,10.0,10.0,10.0,10.0,10.0,10.0,10.0,10.0,10.0,10.0,10.0,10.0,10.0,10.0,10.0,10.0,10.0,10.0,10.0,10.0,10.0
7,22,10.0,10.0,10.0,10.0,0.229305555000011,10.0,10.0,-0.016170635714273515,10.0,10.0,10.0,-0.6769444449998216,10.0,-1.5731481499998823,10.0,10.0,5.098611116666474,10.0,10.0,10.0,10.0,0.04971591590891345,0.2087962916668548,-1.0552083343748184,2.910532400000124,10.0,10.0,10.0,10.0,10.0
20,3,10.0,10.0,10.0,10.0,10.0,-0.09479168749999801,10.0,10.0,10.0,-1.5740918807692874,10.0,10.0,10.0,10.0,10.0,10.0,10.0,10.0,10.0,-1.1457899304686805,10.0,10.0,10.0,10.0,-1.402523148333237,10.0,10.0,10.0,10.0,10.0
20,19,10.0,10.0,10.0,10.0,10.0,10.0,0.11861111125000501,10.0,0.731630824193528,10.0,10.0,0.6456018516666439,10.0,1.2641203708334239,10.0,0.3621527765624773,10.0,10.0,10.0,0.8331018516666354,10.0,10.0,10.0,-0.7751543208334257,-0.0908564819444371,10.0,10.0,10.0,10.0,10.0
20,20,10.0,10.0,10.0,10.0,10.0,10.0,0.6833561020491842,10.0,0.5394097221354179,10.0,10.0,0.43314393939394574,0.19982638906250694,-0.12946654034092367,10.0,0.19972222250000599,10.0,10.0,10.0,0.34218346220931,10.0,10.0,10.0,-0.14607854675140944,-0.29377934260563526,10.0,10.0,10.0,10.0,10.0
21,20,10.0,10.0,10.0,10.0,10.0,10.0,0.6411549697368271,10.0,0.05642361071429235,10.0,10.0,10.0,0.014351852777775988,-0.01858974423077168,10.0,-0.03703703750000851,10.0,10.0,10.0,10.0,10.0,10.0,10.0,10.0,10.0,10.0,10.0,10.0,10.0,10.0
17,11,10.0,10.0,10.0,10.0,10.0,10.0,10.0,10.0,1.0006944375002074,10.0,10.0,10.0,10.0,10.0,10.0,10.0,10.0,10.0,10.0,-0.015550314433963108,-0.8836309535715109,10.0,10.0,10.0,10.0,10.0,10.0,10.0,10.0,10.0
17,12,10.0,10.0,10.0,10.0,10.0,10.0,10.0,10.0,-0.13068543915212294,0.10555555556805463,0.0,0.0,0.0,-0.016847205441354155,0.0,0.0,-0.015385166093928369,0.05011017191156941,0.0759882478597973,0.0,0.0,-0.005521981902035151,0.0705040915132343,0.0,0.0,0.0,0.0,0.0,0.0,0.0
7,18,10.0,10.0,10.0,10.0,10.0,10.0,10.0,10.0,-0.21932870277776717,0.6774884260416801,1.2055000000000096,10.0,10.0,0.44131944531253997,10.0,10.0,10.0,1.1717320264704905,10.0,10.0,10.0,10.0,10.0,10.0,10.0,10.0,10.0,10.0,10.0,10.0
6,18,10.0,10.0,10.0,10.0,10.0,10.0,10.0,10.0,-0.5789323963855421,0.011683238636365818,0.47368589769230646,10.0,10.0,-0.1958616780148424,10.0,10.0,10.0,0.41529850746270003,10.0,10.0,10.0,10.0,10.0,10.0,10.0,10.0,10.0,10.0,10.0,10.0
6,19,10.0,10.0,10.0,10.0,10.0,10.0,10.0,10.0,10.0,-0.3192025088709702,-0.7031352727810659,10.0,10.0,10.0,10.0,10.0,10.0,-0.5213611110000069,10.0,10.0,10.0,10.0,10.0,10.0,10.0,10.0,10.0,10.0,10.0,10.0
5,19,10.0,10.0,10.0,10.0,10.0,10.0,10.0,10.0,10.0,-0.04211805553571436,-0.003414720488325212,10.0,10.0,10.0,10.0,10.0,10.0,-0.9811177249999626,-0.5449519230769388,10.0,10.0,10.0,10.0,10.0,10.0,10.0,10.0,10.0,10.0,10.0
18,12,10.0,10.0,10.0,10.0,10.0,10.0,10.0,10.0,10.0,0.8261733715517198,10.0,10.0,10.0,-0.335171569117644,10.0,10.0,-0.23300540138890302,-1.1729166666668207,2.0017361104170206,10.0,10.0,10.0,-0.41111111063831185,10.0,10.0,10.0,10.0,10.0,10.0,10.0
19,14,10.0,10.0,10.0,10.0,10.0,10.0,10.0,10.0,10.0,0.7245860043269311,0.8618055500001954,10.0,10.0,10.0,10.0,10.0,10.0,0.08740354930555863,10.0,0.6159722221153789,10.0,10.0,-0.005473047277223548,10.0,10.0,10.0,10.0,10.0,10.0,10.0
20,14,10.0,10.0,10.0,10.0,10.0,10.0,10.0,10.0,10.0,0.8994488535714177,-0.6746230157142852,10.0,10.0,10.0,10.0,10.0,10.0,0.04071180576922156,10.0,0.11428303310808499,10.0,10.0,0.13038475364077637,10.0,10.0,10.0,10.0,10.0,10.0,10.0
21,14,10.0,10.0,10.0,10.0,10.0,10.0,10.0,10.0,10.0,10.0,-0.3412037000001203,10.0,10.0,10.0,10.0,10.0,10.0,1.0701388750009773,10.0,-0.34062499999981766,10.0,10.0,0.5043981499999447,10.0,10.0,10.0,10.0,10.0,10.0,10.0
21,15,10.0,10.0,10.0,10.0,10.0,10.0,10.0,10.0,10.0,10.0,-0.7615253831896535,10.0,10.0,10.0,10.0,10.0,10.0,-0.8573803729927008,0.2109450482789864,-0.29945252791005406,10.0,10.0,-0.4534235461448675,0.05687321923077064,10.0,10.0,10.0,10.0,10.0,10.0
22,15,10.0,10.0,10.0,10.0,10.0,10.0,10.0,10.0,10.0,10.0,0.7765390389639604,10.0,10.0,10.0,10.0,10.0,10.0,10.0,1.037183235964932,1.5947783120192052,10.0,10.0,0.8591865078571863,0.4805395913793058,10.0,10.0,10.0,10.0,10.0,10.0
22,16,10.0,10.0,10.0,10.0,10.0,10.0,10.0,10.0,10.0,10.0,0.5480730731982052,10.0,10.0,10.0,10.0,10.0,10.0,10.0,1.0100845407608348,1.327777775001224,0.5069791668750019,10.0,10.0,0.5452307163223057,10.0,10.0,10.0,10.0,10.0,10.0
23,16,10.0,10.0,10.0,10.0,10.0,10.0,10.0,10.0,10.0,10.0,0.46259212015305523,10.0,10.0,10.0,10.0,10.0,10.0,10.0,0.15946815731707123,10.0,0.6466203700000128,10.0,10.0,0.14454629633334712,10.0,10.0,10.0,10.0,10.0,10.0
5,20,10.0,10.0,10.0,10.0,10.0,10.0,10.0,10.0,10.0,10.0,-0.01999742800925599,10.0,10.0,10.0,10.0,10.0,10.0,10.0,0.08427938804348,10.0,10.0,10.0,10.0,10.0,10.0,10.0,10.0,10.0,10.0,10.0
13,13,10.0,10.0,10.0,10.0,10.0,10.0,10.0,10.0,10.0,-0.14254667115384667,0.0,0.0,0.0,0.0,0.0,0.0,0.0,0.0,0.0,0.0,0.0,0.0,0.0,0.0,0.0,0.0,0.0,0.0,0.0,0.0
21,10,10.0,10.0,10.0,10.0,10.0,10.0,10.0,10.0,0.22201389000002497,10.0,10.0,10.0,10.0,0.11197916875002784,10.0,0.38972222000002,-0.7225694375001622,0.3242063492857168,0.668576387500131,10.0,10.0,0.3951388874998045,10.0,-0.1402777749999963,10.0,10.0,10.0,10.0,10.0,10.0
4,25,10.0,10.0,10.0,10.0,10.0,10.0,10.0,10.0,10.0,-1.0522916650000598,10.0,10.0,10.0,10.0,10.0,10.0,1.2651331020832997,10.0,-1.1564814791666038,10.0,10.0,10.0,10.0,10.0,10.0,10.0,10.0,10.0,10.0,10.0
4,20,10.0,10.0,10.0,10.0,10.0,10.0,10.0,10.0,10.0,10.0,-0.9930555499994913,10.0,10.0,10.0,10.0,10.0,10.0,10.0,0.2270833333333168,10.0,10.0,10.0,10.0,10.0,10.0,10.0,10.0,10.0,10.0,10.0
4,21,10.0,10.0,10.0,10.0,10.0,10.0,10.0,10.0,10.0,10.0,-0.3421955318505341,1.8274868420614945e-05,10.0,10.0,10.0,10.0,10.0,10.0,-0.13896857930327405,10.0,10.0,10.0,10.0,10.0,10.0,10.0,10.0,10.0,10.0,10.0
4,16,10.0,10.0,10.0,10.0,10.0,10.0,10.0,10.0,10.0,10.0,10.0,10.0,10.0,-0.18475659789603982,10.0,10.0,10.0,0.41893939393940105,10.0,10.0,10.0,10.0,10.0,10.0,10.0,10.0,10.0,10.0,10.0,10.0
18,6,10.0,10.0,10.0,10.0,10.0,10.0,10.0,10.0,10.0,10.0,10.0,10.0,10.0,1.1639814816667209,10.0,10.0,10.0,10.0,10.0,10.0,10.0,10.0,10.0,10.0,-2.030795018965568,10.0,10.0,10.0,10.0,10.0
2,20,10.0,10.0,10.0,10.0,10.0,10.0,10.0,10.0,10.0,10.0,10.0,10.0,10.0,10.0,10.0,10.0,-0.4343545750000521,10.0,10.0,10.0,10.0,-0.8006944449997906,10.0,10.0,10.0,10.0,10.0,10.0,10.0,10.0
24,7,10.0,10.0,10.0,10.0,10.0,10.0,10.0,10.0,10.0,10.0,10.0,10.0,10.0,10.0,10.0,10.0,10.0,10.0,10.0,-0.23680555000022308,10.0,10.0,10.0,10.0,10.0,10.0,10.0,10.0,10.0,10.0
