E_id,N_id,0,1,2,3,4,5,6,7,8,9,10,11,12,13,14,15,16,17,18,19,20,21,22,23,24,25
17,4,0.03782926829268294,,0.48477393939393926,0.0824606060606061,,0.05905128205128202,0.5628720930232558,0.3477681818181813,0.3516897959183676,0.3443341880341882,0.2576906250000001,0.15927142857142856,0.34744,0.06872857142857144,-0.03947730496453902,0.1191853658536585,0.2455916030534351,,0.02676323529411765,0.2603980952380953,,-0.11891099476439787,0.017845454545454546,-0.15551941747572817,-0.10433631284916203,0.0
17,5,-0.020570588235294122,,-0.26075,,,0.240925,0.6888666666666667,-0.5452454545454546,-0.09132222222222221,-0.22626666666666664,-0.30829999999999996,0.29024583333333337,-0.2575222222222222,-1.139875,-0.09494545454545454,-0.19165714285714283,-0.004793478260869569,,-0.028016666666666665,0.05667666666666666,,0.08280847457627122,,-0.39575151515151513,-0.8259000000000001,-0.041080000000000005
18,5,-0.08902585438335828,,-0.20982171717171721,-0.0796223325062034,,-0.1267189265536722,-0.4750895348837207,-0.5617331775700933,-0.3074786697247708,-0.2149788927335639,-0.15365399999999999,-0.2015755813953489,-0.20936066666666656,-0.09687359307359307,-0.1594573065902576,-0.10330928571428574,-0.2317957627118645,-0.15316936936936937,-0.11889370277078087,-0.14045614035087717,,-0.07393584558823531,-0.12117155172413795,-0.03600314465408806,-0.10663674242424245,-0.15407876106194704
19,5,0.4537471476510069,-0.7169883333333332,-0.002723329682365814,0.23522139130434772,-0.3463568627450981,-0.17911184210526326,0.18134543147208124,0.3801937238493722,0.30391169036334925,-0.04392777777777768,0.43882633228840134,0.21897146067415738,0.10705073313782998,-0.11190044843049338,0.3182768041237111,-0.02817804878048783,0.12320820895522379,0.38386717724288816,0.09165849462365591,0.14703290909090908,-0.0995946428571429,0.638687179487179,0.19017205438066465,-0.07564186046511628,0.1949048309178748,0.3132939114391142
20,5,0.20557253968253988,-0.5598374587458741,-0.16612603748326668,0.03932713936430312,-0.48938886756238015,-0.18626110458284367,-0.03072598664238011,-0.04475931131412506,-0.0006567513899920187,-0.11894485111662521,-0.09887189781021892,-0.13099460758142026,-0.15046877234803335,-0.2014731121281462,0.2248586072423399,-0.04281412742382272,-0.027727285921625544,0.12732634538152607,-0.25352723908216174,-0.11404934738955833,-0.09567433676231726,-0.18381377322229342,-0.13383755868544628,-0.17353205461638485,-0.0989498655913978,0.01634125326370765
20,4,0.5576438095238097,-0.18080781250000003,-0.16560482361411064,0.17235547652916086,-0.1254387453874538,-0.3804727272727275,-0.1521342007434944,-0.1818465437788018,-0.13903666666666667,-0.5001275862068968,0.1923983240223463,-0.2531754950495051,-0.5165630498533724,-0.3187940860215052,-0.04581164596273308,-0.06814649298597195,-0.0786445920303606,-0.11630539772727269,-1.1285285714285713,-0.42134726301735664,0.08925570469798659,-0.15432386666666664,-0.0671225746268656,-0.118591977077364,-0.19281899592944363,0.26048629629629644
21,4,-0.12289222972972973,-0.9504780405405402,-0.4589041666666667,-0.4066899728997291,-0.440344927536232,-0.36787147950089133,-0.48501891385767787,-0.5120727272727273,0.006218684759916527,-0.6907415754923406,-0.41442093023255816,-0.007386295005807128,-0.15202772466539183,-0.3197202127659575,-0.04868410351201472,-0.34101658878504676,-0.33155673534072905,-0.41742469135802485,-0.5719116207951066,-0.23140673443456156,-0.31658682170542635,-0.6798265037593989,-0.2256445398773007,-0.5920955082742312,-0.2132315789473684,-0.4291038043478267
21,3,-0.036840746624305004,-0.05066649029982364,-0.06914760981912144,-0.36896486956521757,-0.19505900826446274,-0.031022074788902256,-0.18582504743833006,0.06171006463527241,-0.0660096876654313,-0.40450624999999985,-0.30799582309582324,0.15560167984189718,-0.24579219653179155,0.38692638036809807,0.03906059654631088,0.013665889570552096,-0.18263982630273,-0.17555249554367214,-0.22848315789473678,0.09324288604180744,-0.3108501524390243,-0.07171157670454543,0.058256929019797246,0.043869942196531946,0.4234144032921811,-0.2417854524627721
22,3,-0.2347476470588234,0.047182580645161294,0.0971496535796766,0.0925942857142857,0.3409209580838323,-0.12072538071065989,0.10449590909090911,0.3076425233644859,0.2955535796766743,-0.002862130177514812,0.07250853658536582,-0.11657411764705873,0.055342173913043455,-0.3474551470588238,0.16904974619289354,-0.22388082191780825,-0.7966335311572699,0.2906590909090907,-0.22580921985815586,0.10945121951219502,-0.18127411764705895,0.18110704225352103,0.2629990853658537,0.1393382608695652,0.3025152173913044,0.05991223776223768
23,3,0.10622028985507245,-0.02655135135135136,0.3490782608695652,0.34345079365079356,0.22687916666666666,0.1380675675675676,0.5077045454545455,0.3430127272727273,0.619522222222222,0.5749826086956523,0.6853833333333332,0.09638684210526309,-0.08024337349397592,0.49461578947368423,0.13275555555555563,-0.02635384615384615,0.47706507936507947,0.28069847328244324,0.28577575757575757,0.4866312499999999,0.6802930555555555,0.3375021739130435,0.37621414141414145,0.45555000000000007,-0.060785,0.44946582278481
21,2,0.08946527777777774,-0.010428125000000003,-0.284717613636364,-1.014200985221675,-0.6049705128205132,0.07129197707736402,-1.0989482758620692,0.23924534161490685,0.031711173184357525,-0.03191189427312768,-0.7554626582278481,0.1872217105263159,-0.00831987767584096,-0.05968360128617368,-0.5322885135135134,-0.5109344961240305,-0.18224132029339857,-0.07040298507462689,-1.1028100000000003,-0.1824735474006115,-0.7318977346278323,-0.22950246913580244,-0.4166814814814818,-0.33119168765743073,-0.8390431578947372,-0.697626175869122
21,5,-0.17011594202898545,-0.8647,0.20914342105263156,0.22618108108108106,-0.16178,-0.6099,-0.5205987341772152,0.10275220125786162,-0.5665046728971966,-0.2762522727272728,-0.08329653179190755,0.17875757575757584,-0.20628400000000002,0.04883846153846154,0.10852699999999998,,1.34673918918919,,-0.2257326203208556,-0.22540229885057467,-0.06652097902097906,0.10947396449704139,-0.1643873786407767,,-0.10508992248062009,
22,5,0.017203333333333334,,,,,,,,,,,,,,,,0.5576357142857142,,,,,,,,,
22,6,0.00845360824742268,,,,,,,,,,,,,,,,0.26478222222222214,,,,,,,,,
23,6,-0.0033297297297297302,,,,,,,,,,,,,,,,-0.15222307692307693,,,,,,,,,
23,7,-0.011651785714285715,,,,,,,,,,,,,,,,-0.40147272727272737,,,,,,,,,
22,2,0.09258181818181813,0.09186276595744679,0.27182972972972963,0.21510343137254878,-0.5804078212290502,-0.030605357142857132,-0.46146165413533813,0.007424590163934433,0.1295760493827161,-0.06883814432989689,0.42550000000000016,0.3446872274143305,0.20254587155963302,0.6158538461538462,0.08489700000000001,-0.025706896551724156,0.15687745098039213,0.1723831683168318,-0.028884552845528443,0.2148209150326796,-0.3175043956043955,-0.3947937716262977,0.0022528384279475178,-0.07188918918918921,0.0797,-0.13247284482758623
17,18,0.5522721311475414,-0.7173939655172414,-1.0260434782608698,,-0.14597255813953502,-0.24541479289940835,0.3959874666666668,-0.32651691176470626,-0.7421295918367349,-0.02466183745583037,-0.010590462962962987,-0.1393782327586208,-0.07746359773371102,0.204560834813499,-0.17865076297049848,-0.04213262867647058,-0.024000652883569097,-0.10331399856424979,0.06809177173191773,-0.0942144284128746,-0.004175436681222706,-0.1281954971857411,-0.2089288986784142,0.0550622968580715,-0.020790689941812143,-0.06496820175438597
18,18,0.09551222222222218,-0.2042634285714284,-2.054931914893617,,-0.6263524691358029,-1.097937086092716,-0.4010960317460317,-0.03951754385964935,0.03027813578826238,-0.3417330056179773,0.22405140000000004,-0.0050360625574976565,-0.17441413612565468,0.19870239808153456,-0.567689569160997,-0.0856301630434783,-0.595028039702233,-0.09242171837708836,0.14383135593220356,-0.19727254237288155,-0.38089238410596044,-0.09003188908145576,-0.4592305670816047,-0.30697861271676297,-0.007800843170320394,-0.4712447552447554
18,19,-0.39396984126984114,0.6898205479452055,-2.1120066666666664,,-0.5679466666666666,-0.20362874251496998,-0.23711042830540058,0.0755406824146981,-0.007985882352941323,-1.6671823529411762,0.23529841269841265,1.230114102564102,0.0012774853801170102,0.00034888888888894915,0.20142828282828276,0.024141818181818184,-0.35135460122699397,0.03042329317269066,-0.23905135135135136,-1.6925033333333337,0.6489162162162165,-0.4010414772727275,0.5897926605504586,-0.3627774509803921,-0.2568965986394558,-0.30905196850393724
19,19,-0.5479100671140943,0.24001512605042014,-1.3577323943661967,1.3368760869565215,-0.02714680851063853,0.2162200371057514,-0.0990635036496351,0.24085800316957157,0.13070590361445786,-0.09809977678571451,0.24188896925858916,0.2607178707224334,0.036156079664570205,0.025949942726231426,0.27903235704323576,-0.2550479452054793,0.07227441860465124,0.08247848911651728,0.1094829213483146,0.05330992555831264,-0.11016099585062239,-0.06536492220650626,0.14589857015192134,-0.17013273504273516,0.2653480839416059,0.08168073394495423
5,26,0.012676302521008308,-0.22326504688832066,-0.2725626420454541,-0.7521024064171122,-0.9293274336283178,0.02827527472527477,-0.8923220125786157,-0.25126946277097095,-0.02124626334519583,-0.8093170833333313,-0.47795319693094623,-0.33452359855334524,-0.23790036791758634,-0.2670786971830987,-0.369891561181435,-0.22468139158576053,-0.46586601307189535,-0.03227116104868901,-0.2464051948051947,0.03485505617977516,-0.21640766045548654,-0.4320950549450548,-0.4483157549234139,-1.4486028985507247,-0.1765110144927536,0.0638226153846155
6,26,-0.2516771144278606,-0.15583883720930222,-0.6148994047619043,-0.5082698113207549,-0.3304393617021278,-0.7817758720930236,-0.24857878787878795,-0.6003461538461541,0.11460282776349616,-0.9026893854748602,-0.1892275042444822,-0.13384689655172405,-0.21334270386266085,-1.2572491525423732,-0.8773626623376622,-0.6388344827586206,0.04789375,-0.5367274368231043,-0.31101100775193824,0.1112746014877789,-0.5902437984496127,-0.4282317862165965,0.01850293040293043,-0.8473598958333338,-0.1487355555555556,-0.5462877944325478
6,25,0.029344931506849307,0.2217380810488675,0.11393557755775577,-0.03638877192982458,0.1731763399693723,0.1487312913907284,-0.0021780168381664894,0.11525156615240766,0.08588088675853857,0.25623617977528046,-0.04913704487722275,0.13315687331536458,0.1915215805471129,-0.08822803951367787,0.1057879553903339,0.08888053316801009,-0.04661554845580404,-0.09887280080889777,-0.004364322916667256,0.27963005565862675,-0.07673453389830504,0.2274050501672241,0.4056704023944137,0.06123139323390317,0.05345423452768735,-0.11875160965794794
7,24,0.23221801242236056,0.4131042291950886,0.9244810699588482,0.49876896000000004,0.40960455284552816,0.4872072463768117,0.29842823529411794,0.4596667004048579,0.3859738295318133,0.5083910344827585,0.45765761448349274,0.15056902777777764,0.5425647465437787,0.41083462214411276,0.37562297551789064,0.2850069696969693,0.15413999999999997,0.18359427917620147,0.4498379172229631,0.7475674698795178,0.5628644539614555,0.4824021145374448,0.5716441888619859,0.7064262910798126,0.41644660056657223,0.6052375184638107
7,23,0.0030721649484536546,0.6915689008042901,0.6498810526315789,0.4193478537360883,0.36711781609195404,0.3014729857819904,0.15656406685236787,0.4445201501877346,0.780287939698492,0.20889854014598544,0.14084177040110651,-0.18588842504743805,0.7880138095238094,0.5944534210526315,0.11447592137592146,0.47787186813186877,0.6185042553191494,0.08441282051282051,0.21268190789473698,0.7869169312169308,0.3327515942028986,0.4588593659942363,0.5472272511848338,0.41283538461538466,0.33126603498542256,0.31628828828828826
8,23,0.21544326530612223,0.6458142011834319,0.3491350000000001,0.27563795013850423,0.20240938416422297,0.46903201970443353,0.28340420168067243,0.40991056179775287,0.481144730077121,0.2118854166666667,0.5051766409266407,0.4479125944584384,0.3925434210526315,0.591976521739131,0.25420815602836877,0.3671882943143809,0.532163888888889,0.48617254901960794,0.515379525222552,1.0380986842105264,0.35534222873900273,0.553082685512367,0.03982850678733041,0.12341927710843367,0.08614289940828387,0.4766836120401338
8,22,-0.29292428160919554,0.2931724665391973,-0.39309275362318846,0.3430292655367232,0.18308348134991112,0.34853407407407394,0.0176709156193896,0.48168806875631937,0.22554590163934435,0.11065354969574029,0.22817546816479395,0.5752633522727273,0.2538442748091603,0.15354966216216212,0.25210831643002035,0.2609209302325581,-0.011270498084291225,0.2023171656686626,0.18083427866831076,0.5329201923076923,0.12862974137931069,0.3941991587802312,0.369816583747927,0.19155286624203807,0.14207334963325172,0.2566122413793103
9,22,-0.5386968750000002,0.12920194174757288,-0.161,0.2871865671641791,0.4017240384615386,0.2396901960784314,0.029693333333333266,0.1972547826086956,0.07590297029702962,0.21627187500000003,-0.13281377245508977,0.374277358490566,0.4238500000000001,-0.029047967479674825,0.01242692307692313,0.2823999999999998,0.05456249999999998,0.2983056338028169,0.37477580645161296,-0.471446875,0.02692641509433964,0.29046956521739137,0.438642372881356,0.2839495412844037,-0.44931176470588224,0.027986363636363636
9,21,-0.9612581778265632,-0.005937953091684385,-0.7127583732057413,-0.3211632425742573,0.09672912966252212,0.34695421686747,-0.48769616477272737,-0.24589843575419001,-0.018998823529411762,-0.468338796680498,-0.6817750733137837,0.023139224806201678,0.15484149659863938,-0.2269577348066298,-0.1653641176470588,-0.23707528089887653,-0.1785052941176471,-0.3467006696428573,-0.27538881401617266,-0.41637663043478307,-0.20096088117490002,-0.05251897810218978,0.05725792507204598,0.00664394299287408,-0.20437413533834597,-0.13836348314606736
9,20,-1.0939228378378374,-0.12631903225806454,-0.37690930232558134,-0.8817441406249998,0.13194524236983854,-0.26706,-0.41417556270096484,-0.5128968085106383,-0.018386651583710393,-0.8361263698630139,-0.8996425368353621,0.165393156199678,-0.04581964285714284,-0.6459785093167696,-0.18982619647355142,-0.3636030379746835,-0.99481013986014,-1.0217119718309864,-0.4951651485148511,-0.22946238698010865,-0.37703594936708856,-0.30985253863134665,-0.1256489263803681,-0.5491749999999999,-0.7040490909090912,-0.530481613508443
10,20,0.06902964989059095,0.08698242753623184,0.02700920716112535,-0.31295567010309294,-0.00916723259762313,-0.45613370786516844,-0.19452929358392718,-0.15857241379310333,0.25565918189730186,0.02593822098679647,-0.345228009679371,0.25342043455768315,0.13840425531914885,-0.2225669005847953,0.050368535262205985,0.08298005865102667,-0.16939185082872937,-0.08748624999999996,-0.31461856823266215,0.04741719008264467,-0.13307594936708858,-0.5255412816691505,0.10533486176668919,-0.1505676855895199,-0.1417146341463415,-0.36848308823529374
10,19,0.4628598382749331,0.25447579617834404,0.5307210247349815,0.047153096330275104,0.27607197106690756,0.2848881502890173,0.052940553745928334,0.36075323886639643,0.2627163716814159,0.2893664025356575,-0.0301360294117647,0.49304790739091703,0.4695004587155964,0.10227259073842294,0.18616451612903215,0.34638278335724537,-0.029730016313213713,0.10924313099041538,0.269137129840547,0.6754532738095238,0.32628354253835423,0.08740739247311834,0.5523795000000004,0.24273643122676594,0.30733582089552275,0.05759763231197788
11,19,0.3929713147410359,0.5584441747572814,0.2566621621621622,0.3881580547112461,0.008843220338983035,0.21648333333333328,0.4403029661016951,0.49289808612440217,0.6392763033175356,0.19887125748502996,0.6703692307692302,0.6516922330097085,0.5608764705882352,0.49040000000000017,0.25394144144144143,0.20956617647058828,-0.01166605504587153,0.2977341584158415,0.26966666666666667,0.6355202702702701,0.46157341772151894,0.18670285714285706,0.712055102040816,0.5642303225806455,0.5605205128205127,0.2893273972602739
11,18,0.47126083916083944,0.4424589947089945,0.5029645933014347,0.47705053050397916,0.2262616033755275,0.5089119318181817,0.17715826377295488,0.5709271186440673,0.6156555808656038,0.21550415335463238,0.36527192716236717,0.48856987620357617,0.33695251141552535,0.3927833543505679,0.4556658783783784,0.09717328519855586,0.26180588235294117,0.34776736641221395,0.4097563291139239,0.43501048689138594,0.416490670553936,0.21536896000000025,0.44177527173913,0.6817850102669403,0.7364289676425276,0.32134934725848535
11,17,0.5523833333333333,0.562504705882353,-0.19051029411764708,-0.05629508196721309,0.2747048780487805,-0.23721891891891875,0.017513924050632915,-0.1334660056657224,0.4216630630630631,-0.20573214285714295,0.46422328042328,0.053096026490066166,0.42681010101010136,0.42401857142857136,0.03555565217391301,-0.6237874999999998,0.32510241935483875,0.4980804878048779,0.11038497854077257,0.11372831325301204,0.13043305439330552,0.2914370044052866,0.547741975308642,0.46037596899224814,0.45689673913043505,-0.03617653846153845
12,17,-0.19801442495126717,-0.13841596091205205,-0.12830490463215258,-0.10433642857142862,-0.14219946236559172,-0.5484469072164949,-0.04334460000000005,0.1866018018018018,-0.43894507936507954,-0.48489019264448313,0.06037871093749994,0.015818032786885348,0.12185521235521254,-0.03688360389610385,-0.15282641509433956,-0.20086390243902458,-0.19750655737704928,0.19835779036827197,-0.3320280871670703,-0.11911300000000001,0.14782014925373133,-0.20853556701030923,-0.13016714697406348,0.014268257756563183,0.06952989473684211,0.17021090909090916
12,16,-0.30822131782945733,-0.009704472049689453,-0.33364560570071317,-0.5921614624505932,-0.009435359116022075,-0.5694617647058823,-0.6512228310502285,-0.30169739507959475,-0.3728246376811597,-0.1918294990723562,-0.3225545824847249,-0.06214712643678164,0.18025480427046264,-0.4743623636363633,-0.5703582834331341,-0.36841639344262284,-0.18717014492753611,0.09875201342281871,-0.4690393617021279,-0.3366869565217392,-0.3380513556618818,-0.32399971751412415,-0.23563540372670794,-0.026428000000000042,0.14444977168949763,-0.3226164705882354
13,16,-0.47812383177570095,0.05940743034055733,-0.33366927803379404,-0.5696798185941044,-0.059710076530612215,-0.17059732793522273,-0.8773906976744192,-0.3904888475836429,-0.10564392014519063,-0.4379431492842537,-0.08505555555555568,-0.5819820000000006,-0.2917544910179639,-0.47821848101265824,0.0017579220779220537,-0.9697008130081298,-0.8355828571428573,-0.3497291208791209,-0.45043486682808725,-0.37197008547008553,-0.1283399103139014,-0.5342627329192547,-0.2221110383536014,-0.38528644939965717,-0.10343783068783075,-0.21895714285714282
13,15,0.08901516129032255,0.3951993517017823,-0.38283981900452607,0.017710079051383665,0.30949972677595616,0.4879932075471702,-0.04304215080346119,0.19985251572327,0.32623997809419514,0.2759493320610685,-0.22586761229314425,0.18763303964757772,0.37662267657992554,-0.042093061979648586,0.3283987096774189,0.2606212552301253,-0.04774157303370798,0.11539228007181328,0.43015612382234125,-0.0029354545454544287,0.06275779109589036,0.45087680198840036,0.05790987124463518,0.03379206500956024,-0.029190372272143664,0.11217598253275109
13,14,0.5230636363636362,0.24033295019157108,0.210177756286267,0.17424331896551717,0.4392979351032442,0.4075532212885154,0.2805010686164229,0.33884436860068307,0.2165223175965666,0.31947746556473794,0.3426433628318585,-0.025710718002081183,0.35145705824284285,0.5222047904191617,0.400417105263158,0.4373955708661416,0.21507977369165499,0.14867476007677558,0.7136603909465035,0.21938422425032564,0.20690216049382715,0.2331715609408413,0.12637555865921773,0.18844294536817077,0.49562405498281786,0.5863657963446479
14,14,0.42384510638297856,1.0280852223816352,-0.014506420765027313,0.22157484375000003,0.5965675675675672,0.7564371882086159,0.3751515353805076,0.20958453900709204,0.30813588235294126,0.8648030204962237,0.22443838120104465,0.4139774818401936,0.9320976338729757,0.16777348608837991,0.45772210031347965,0.7508114688128776,0.2208477528089886,0.2519850649350649,0.5524661682242994,0.180306167400881,0.2609345697329375,0.6279432614555259,0.307397894736842,0.5004381355932203,0.053989561270801775,0.7169566666666668
14,13,0.5176457364341085,0.6255719764011798,-0.09789524564183834,0.07568839999999998,0.5625989528795805,0.49098973607038066,0.21037295238095235,-0.21802279720279713,0.14440090909090905,0.4601171586715863,-0.041918518518518445,-0.025597394136808,0.7967267272727274,0.15472786885245898,0.12895633270321355,0.24032086466165398,-0.29452982885085577,-0.14342268907563027,1.5730618473895583,0.08421460176991127,0.2664342857142857,0.27106174089068835,0.25464158163265316,0.2966622739018086,-0.13663023255813947,0.34235841584158444
15,13,0.31775194805194806,0.2865824324324325,-0.2785621276595745,0.1401663299663299,0.5761334782608699,0.408345810055866,-0.32634388714733537,-0.39791292875989437,-0.03808607142857142,0.14244864864864862,0.028690736342042732,-0.015687980769230673,0.5060262996941894,0.10250382165605096,-0.46055699658703075,-0.07446073298429318,-0.6434738161559891,0.10168108108108109,0.07203056994818652,0.26154452830188657,-0.046845987654320964,0.17019966666666647,0.1335579617834395,-0.03612727272727272,-0.2103222506393862,0.46188518518518507
15,12,0.16627134831460663,-0.006962004175365391,-0.35128106923751085,-0.23778016643550645,-0.3118118296529967,-0.10699404990403077,-0.18552547528517127,-0.3856551083591338,-0.22013743218806514,-0.26796650124069477,-0.48346954459203106,-0.4313552036199093,-0.0019773638968481637,-0.17810745856353608,-0.620206699147381,-0.3347652312599681,-0.48005338078291854,-0.14328623595505616,-0.717851386623164,-0.13753831990794013,-0.25738107769423585,-0.26729222720478324,-0.03724086629001885,-0.3017020588235297,-0.4372384199134187,-0.15593765182186228
16,12,-0.021766666666666656,0.020299999999999884,-0.8307031446540885,-0.5750246153846149,-0.35932564102564096,-0.4635416666666667,-0.5344415094339618,0.0042884057971013,-0.566296894409938,0.2604652173913043,-0.7871959183673469,-0.23711923076923078,-0.03738222222222215,0.03436093749999999,-1.5084697841726615,0.7070714285714285,-0.4727495098039218,0.34309500000000004,-0.5852693877551022,-0.1441717557251906,-0.13055087719298245,-0.6526086419753088,-0.20679999999999998,-1.1065503401360535,-0.2915700598802394,-0.7926
16,11,-0.22994057142857136,-0.7751746621621626,-0.14617819767441798,-0.42440343007915593,-1.1067348348348338,-0.4947078838174272,-0.1249684429641968,-0.5094835222978085,0.010197888386123916,0.0026138200782268458,-0.22946331849968185,-0.4842362215909091,-0.26579559659090907,-0.31421838509316846,-0.5319753459119495,-0.4577107615894038,-0.12425500394011049,-0.033836708860759644,-0.8163389121338905,-0.09350489662676807,-0.2509669410150893,-0.8239162264150951,-0.28049285714285727,-0.11412441379310345,-0.19953614697120178,-0.9296989010989007
16,10,-0.11098083832335327,-1.109057183908047,0.10508085399449033,-0.16544489559164738,-0.7105064062499996,-0.34483990384615326,-0.5460338947368424,-0.40435146520146464,-0.11338379120879119,-0.36317544247787603,-0.08666490765171526,-0.7983705521472394,-0.32167655860349104,-0.40754206695778716,-0.7623010504201682,-0.3855170009551095,0.0986562573099415,-0.5928263681592041,-0.9177131679389307,-0.3725486202365312,-0.4972065055762078,-0.7902971283783786,-0.5481086455331412,-0.5264239583333331,-0.7352728668941981,-0.7598855855855856
17,10,-0.5161953488372093,-0.8153757692307684,0.5986916434540389,0.19558611764705883,-0.31123360258481414,-0.5138532000000003,-0.10823885601577911,-0.15191827450980408,-0.38480395136778117,-0.7753571174377232,-0.09767678684376983,-0.8079603921568623,-0.8855866952789698,-0.5792229651162789,0.09729119601328876,-0.4044318725099604,0.438247127784291,-0.035871775700934604,-0.26867509727626465,-0.10068845843422113,-0.09989845758354768,-0.1332161349976886,-0.15098791208791218,-0.042333720930232556,-0.2522015782828282,-0.1361925394548062
17,9,0.1635330964467006,-0.2976508274231676,0.5969835407239834,0.3222380410022777,0.10510407218880162,-0.02701357183418515,0.1596291539634144,0.2057955210443396,-0.03989182089552236,-0.134180303030303,0.28415489733301846,0.06114325581395355,-0.08786539792387547,0.29580304075235125,0.2515775081492209,-0.09113303145853194,0.47763986928104585,-0.02929001721170395,0.17190591982015765,0.007070642733063151,0.2678984297204133,0.242196811945117,-0.2884794912559618,0.3874416304347827,0.2758961051606616,0.16349097909790944
18,9,1.3936666666666666,-0.005818947368420879,0.3528670694864046,-0.10811071428571423,1.4461417721518988,0.4207446428571429,0.5625122699386507,0.5643277027027027,0.4209252964426876,0.07299109589041099,0.8956641434262944,-0.06924545454545455,0.11591494845360815,-0.07915534591194973,0.3801782795698925,0.5260428571428571,0.5981111111111109,-0.5036086956521738,-0.48401444444444447,0.09891935483870967,-0.05996541916167662,0.01982432989690722,0.20589649484536074,0.43627590361445767,-0.021855734406438638,0.48921456953642406
18,8,0.8735720279720278,-0.04697323943661978,0.3593284153005467,0.3424999999999998,0.5606752136752138,0.27834859259259276,0.28627442116868773,0.7962152406417098,-0.2993307182320441,0.22460506798516705,0.6707350094876666,-0.002333527696793023,0.19564772524531698,0.36226861538461597,0.7419067175572521,0.11715136778115491,0.25576126266562754,0.07240852272727273,0.6316742187499996,0.3988628177966102,0.35664908700322295,0.48811358344114,0.3875604651162789,0.3132183976261128,0.735034979973298,0.042923124999999986
18,7,0.6199433333333335,-0.5008284313725492,0.11630769230769258,0.5527176829268291,0.2831781990521327,0.3240848717948721,0.13756323529411751,0.6481498233215548,-0.2314876777251186,0.14140745341614905,0.4104008219178085,-0.11163147208121808,-0.013747628865979264,0.43172565543071206,0.6440031141868514,-0.13684359999999998,0.018390740740740673,0.2681981651376148,0.37707267080745327,0.14560559757942493,-0.011286086956521741,0.2724386301369863,0.0725861111111111,0.04749903846153849,0.3441574468085106,0.19570988372093015
19,7,0.6700704545454544,-0.40672951807228913,0.02269448818897639,0.3810934097421208,0.05105828571428565,-0.05791008771929823,-0.04674945652173876,0.24476061538461535,-0.1579712014134276,0.11333183520599248,0.16218121739130406,-0.3834031746031746,-0.09587174348697372,0.0589421641791045,0.8923564668769711,-0.14753636363636372,-0.03218871650211567,-0.3294078947368422,-0.05416753246753244,0.20032028985507272,0.043252772073922,0.37894036144578325,0.12643869801085011,0.00886237623762386,0.23089861495844874,0.09420170212765963
19,6,-0.004461538461538462,-0.9123470852017936,-0.1054310841546628,0.24862661596958166,-0.2004993243243242,-0.039348840206185516,0.057861105626850824,0.2942297297297297,0.08180151394422307,-0.023935294117647023,0.05412074303405569,-0.21505232774674113,-0.07000673076923077,0.11674125452352248,0.16784251968503938,-0.06158108614232213,-0.051410009017132594,-0.4872451428571431,-0.17535270758122742,0.09226290018832382,-0.010431221198156631,-0.047503555555555556,-0.025955725658297683,-0.11960016722408016,0.08870727650727644,-0.20101800486618004
20,6,0.4635714285714285,-0.7712867647058823,-0.4555864615384615,-0.10055000000000013,-0.5683385964912282,-0.012745806451612897,0.1638142857142857,0.0894196078431373,0.2692003533568905,-0.18441888888888894,-0.11525919540229887,-0.3640783018867925,-0.5417875739644972,-0.026619580419580405,-0.3036292682926829,-0.07715,-0.2500977678571429,-0.43088,-0.3628383720930233,-0.3230609090909091,0.005046086956521689,-0.19419803921568624,-0.35129201877934274,-0.45364786324786327,0.3874012048192771,-0.2255673267326733
8,18,-0.07098957345971571,0.16493066666666673,-0.16621570247933876,0.5991898395721925,-0.2685461538461538,0.16184919786096255,0.517220353982301,-0.09733700000000006,-0.3388634042553193,-0.1253428571428571,0.3588928870292888,-0.0732834983498348,0.16009772727272722,-0.0496421686746988,,-0.09304444444444449,0.264353146853147,0.30493280000000006,0.12450601503759398,-0.017631111111111108,0.010613461538461537,0.07702500000000001,0.5992255319148937,0.07623544303797472,0.34395175438596476,-0.2578482142857141
8,17,0.024794117647058796,-0.0241,-0.5491310344827586,0.24564814814814812,0.005042857142857142,0.03162142857142857,0.0873,-1.7811,-0.9078581395348837,-0.48822499999999996,0.3498833333333334,-0.46446451612903233,0.3134485714285714,-0.15101200000000004,,-0.3196358974358974,0.13733953488372092,0.1796157894736842,-0.08919999999999999,0.16791428571428568,-0.2657111111111111,0.26117647058823534,-0.019930434782608673,0.008085714285714286,0.32044666666666666,0.38533999999999996
7,17,0.2826779411764706,-0.01575309734513268,-0.2025916981132076,-0.11338020304568527,0.0808877551020408,-0.02961159420289844,-0.031418032786885236,-0.24020882352941192,-0.3536217171717173,-0.7900465116279068,0.12123242187500001,-0.010815320334261764,0.18006769230769248,-0.0349290816326531,,-0.04742312925170064,0.10297258064516124,0.432292,0.013581818181818178,0.6550625,0.037496825396825396,0.18824462809917347,0.03910248447204962,-0.010735754189944147,0.30197758620689646,0.6289174273858921
6,17,0.13284042553191489,-0.22253396226415098,0.1624890243902439,-0.3488618181818181,-0.019742857142857142,0.13739310344827588,-0.10527647058823526,,-0.10686666666666672,-0.3539818181818182,0.03234999999999999,-0.09070499999999998,-0.032918055555555555,-0.014279245283018875,,-0.3366479166666665,0.21209342105263151,0.024009999999999976,0.0063342105263157825,-0.4550666666666667,0.10156000000000001,0.07285925925925923,-0.1816785714285714,-0.22468125000000003,0.5601769230769229,0.3537470588235294
6,16,-0.1958010416666667,0.01708230088495574,0.0983802816901408,-0.3007082278481012,-0.5590324324324325,-0.3606384615384616,-0.17077333333333336,,0.015641935483870974,-0.2739571428571429,-0.31476368421052614,-0.15982021276595768,-0.31333926701570675,-0.12127430555555556,,-0.5123449999999999,-0.04426294642857143,0.13632409638554224,-0.25968837209302326,0.1173390625,0.10138043478260872,0.1393954022988505,-0.2303815602836878,-0.2856007246376812,0.09964074074074074,-0.29855128205128206
5,16,-0.6204965116279069,-0.037542857142857204,-0.05561474358974364,-0.2915032967032966,-0.8108365853658539,-0.47316704545454547,-0.3767247311827956,,-0.3098559633027523,-0.26331,-0.5741407142857146,-0.3401140877598153,-0.8904682051282046,-0.5096014388489211,,-0.2926697872340426,-0.5721784210526312,-0.08319714285714286,-0.8489102564102566,-0.6039482758620688,-0.1803583333333333,-0.49807419354838706,-0.3347768115942029,-0.24377119999999985,-0.48411562500000005,-1.196816923076923
5,15,-0.9381262295081965,-0.1242583333333333,-0.2929124999999999,-0.6886741573033707,-0.9274195652173912,-0.5623741071428572,-0.5934795918367346,,-1.1586153846153846,-0.37196315789473683,-0.5743104166666667,-0.6236458333333331,-0.8704924999999999,-0.7440438596491229,-1.0227255813953489,-0.1467104166666667,-0.9165776397515524,-0.38881739130434767,-0.8274030769230769,-0.9573682926829264,-0.46035,-0.40279600000000004,-0.3545814814814814,-0.19999753086419758,-0.871925,-0.9683195652173915
4,15,-0.10088461538461539,0.06298548387096765,-0.467404117647059,-0.26523212121212136,-0.5596423611111112,-0.30140507246376796,-0.36794639999999995,,-0.8702269503546097,-0.07230000000000002,-0.2465104938271604,-0.46451840000000033,-0.4004638418079097,-0.48975148809523833,0.3383091867469881,-0.11663793103448275,-0.48612465753424694,-0.24245785123966943,-0.554948484848485,-0.8462419753086424,-0.24613541666666658,-0.09273095238095237,-0.34401452991452963,-0.37531551724137924,-0.26956,-0.35473730886850136
15,11,-0.5125442307692305,-0.5930071428571431,-0.5125236180904522,-0.8466518248175181,-0.8534160493827161,-0.1657907692307692,-0.4203687022900765,-0.4337305882352939,-0.2809201923076924,-0.14279193548387098,-0.11252933333333338,-0.4731940594059406,-0.16144159292035393,-0.8978837606837604,-0.2966398773006135,-0.03822447552447549,-0.6345695945945946,-0.9128584615384615,-0.7189736842105262,-0.46575478260869607,-0.5233812500000002,-0.6312945454545457,-0.3011661417322834,-0.6048656716417912,-0.4088306569343068,-0.17773030303030307
17,8,0.5587864864864864,0.038690909090909095,0.4425898936170214,0.8464852272727268,0.43815315315315306,0.14281159420289846,0.5867646153846152,0.52005703125,0.10003384615384607,-0.14268481012658224,0.9297229357798166,0.27858723404255326,0.11610714285714292,0.6068914529914531,0.8059948275862073,0.6191202531645569,0.5395666666666669,0.29840833333333333,0.958736842105263,0.24995602094240837,0.2098974842767296,0.8304352941176472,0.15716231884057968,0.44635999999999965,0.9389018867924526,0.141295
14,15,0.15758536585365854,0.41718486486486467,0.2123513157894737,0.5758168478260869,0.4869880758807586,0.13425000000000006,0.4491373390557937,0.6157928571428571,-0.4260548048048049,0.49115135135135135,0.537023448275862,0.3332835648148148,0.7150506493506489,0.3525111111111111,0.583424757281553,0.3865014760147604,0.1464544474393531,0.2607952879581153,0.7395737804878048,0.5812755434782609,0.18929513513513513,0.9976220183486252,0.40506758104738194,0.3207709677419356,0.39828578199052134,0.18451343283582097
14,16,0.4103333333333333,0.7566233766233764,0.9265318181818185,0.13778571428571432,0.32713110047846916,0.014841279069767442,0.5311771428571428,0.27373958333333326,-0.3959473404255319,0.3571092592592591,-0.13548636363636374,0.3016720000000001,0.5025798387096773,1.6012,0.7099392857142861,-0.8199523255813955,0.1326546511627907,-0.031461029411764735,0.47550000000000014,0.6089134615384617,0.5496769230769231,0.7789300813008133,0.28597251184834116,0.2852285171102661,0.027976237623762387,0.21164166666666667
15,16,-0.18369599999999997,0.19096231884057965,0.3862222222222223,-0.2465563063063059,-0.032599923312883416,0.19483478939157559,0.07283015873015869,-0.043228518518518534,-0.2900851174934725,0.20838957142857165,0.07958626373626372,0.14055289575289592,-0.4217362768496415,,0.15968566308243742,-0.21063713768115963,0.1040486111111111,0.13229155313351487,-0.3862378698224854,-0.1988472868217054,0.32057128712871286,0.036683441558441575,0.06189412955465577,-0.042020573355817874,0.04066558704453449,0.08473393939393933
15,17,-0.5185600000000001,1.07268,,,,-0.09178,-1.28505,-0.11924444444444443,-0.22491666666666665,-0.3606285714285714,-0.5719333333333333,-1.3479357142857142,-0.5081166666666667,,-0.0462,-0.11235555555555561,0.07667500000000002,-0.2793333333333334,-0.682725,-0.9570000000000001,,-0.2849142857142857,1.806707352941177,0.9446749999999999,-0.32542,1.752625
16,17,-0.542520588235294,-0.20069548872180454,0.08647272727272727,0.6168,-0.30539432624113455,-0.07599897610921501,-0.14786966527196618,-0.7621005714285713,-0.39092982456140357,-0.2681666666666662,-0.22611891891891894,-0.6004129411764709,-0.4900633561643837,-0.47372262773722634,-0.47097865853658555,-0.11396678571428573,0.23563809523809529,-0.45420551601423503,-0.8165812765957442,-0.3029216666666667,-0.20418372093023263,-0.48676934523809506,-0.44355000000000044,-0.11754181184668962,0.08242857142857146,-0.016241358024691368
17,17,0.22573181818181817,-0.33124999999999993,0.5789899999999999,,0.12890219780219783,-0.3704204379562045,0.1907329629629632,-0.24144650000000037,-0.6886333333333332,-0.19150749279538906,0.5856646226415092,-0.46223136094674533,-0.6967047619047619,0.8885441441441438,-0.484175,0.26650165975103735,0.08243898305084743,-0.17706377245508984,0.05952177419354836,-0.24605230769230768,0.006710204081632679,-0.566838961038961,-0.5096447058823528,0.07592916666666664,-0.5777745019920317,-0.4051413333333332
5,27,0.06710353866317147,-0.2939823361823361,-0.22349407894736834,-0.28445756097560987,-0.16156025369978844,0.06785647058823528,-0.21724393063583822,-0.09480915141430955,-0.10670391198043994,-0.11846933333333337,-0.3808598214285715,-0.14711017441860472,0.006941095890410961,-0.15811847133757959,-0.0956887537993921,-0.13882713567839192,-0.000522826086956524,0.2923232638888889,-0.09069461663947805,0.02186501766784447,0.04642944444444452,-0.09897764705882349,-0.07266288659793807,-0.1531508333333334,0.04301538461538461,0.01900000000000003
7,25,0.16284100719424463,0.8662934959349595,1.1665124999999994,0.3599196428571428,0.5072092105263155,0.09549365079365073,-0.034650549450549496,0.3938084942084943,-0.2796469565217391,-0.9274070175438596,0.5860756000000003,0.282483870967742,0.6505211267605634,-0.015978030303030244,0.20864333333333346,-0.19296499999999997,-0.024916666666666667,0.42242352941176464,0.304579928315412,-0.030588050314465404,0.5770869565217391,0.11331396648044689,0.3274125714285714,0.09295639097744361,0.0024932692307692165,-0.04474746543778794
10,21,-0.1360521739130434,-2.47025,-0.6396,-0.15355714285714286,-0.46114,-0.548,-0.20779999999999998,-0.11856666666666667,-1.43205,-0.0057428571428571416,-0.8401041666666669,-1.00624,,-0.5562199999999999,0.22757999999999998,-0.40095000000000003,-0.5809,-0.6852,-1.4086499999999997,-0.7651,0.32345,,,-0.0465,0.21915,0.78555
12,18,-0.2061152173913044,0.139275,-0.016888888888888908,0.22736511627906977,-0.3886647058823529,-0.011263636363636365,-0.00804324324324323,0.4974319999999999,-0.5073875,-0.6300199999999999,-0.022820588235294086,-0.0011181818181818072,-0.33072,0.028406250000000008,0.30883125,0.045500000000000006,0.10209411764705882,0.32194,-0.14964,0.29907272727272727,0.0149578947368421,0.20834736842105261,-0.2835458333333334,0.004224999999999993,0.6974999999999999,1.087425
5,25,-0.1471916558018254,-0.01168126520681265,-0.06200497685185185,-0.02862416851441242,-0.08110129564193169,0.0042309023485784915,-0.025068131868131862,-0.0037488888888889222,-0.13645909090909092,0.059907407407407416,-1.1315837499999994,-0.2503806754221388,0.19257573221757313,-0.14208453427065013,-0.12823177805800767,0.18562925000000008,-0.1875952029520298,-3.9427860696517435e-05,-0.03553413043478262,-0.008223594132029341,-0.1578939306358381,-0.02141393901680151,-0.008528162650602408,-0.03446614457831326,-0.007226207729468598,-0.009055660377358436
6,24,0.005168595041322312,0.08351094527363181,1.097903846153846,0.3146699999999999,0.5349473684210524,0.19764586466165432,-0.05048415841584161,0.22416829268292682,0.1322894009216591,0.8163973333333335,0.03676026058631927,-0.1782118055555556,0.872066666666667,0.40702236842105277,0.6543059171597632,0.18512000000000028,-0.08160439560439559,0.028184507042253518,0.6528377464788733,0.7323404255319147,0.6736732558139534,0.6399433734939763,0.8800720379146918,1.428982857142857,0.12658275862068963,0.14805120481927714
8,21,-0.5693583333333334,0.03435555555555558,,-0.1182398936170213,0.07746056338028168,0.6783105263157896,-0.5125658333333336,0.33963559322033904,-0.5339421052631579,-0.23310487804878052,0.08116756756756754,0.4691679012345681,0.13555833333333334,-0.4011960000000001,-0.3472229729729727,-0.19132061855670107,-0.17499538461538458,-0.3741323076923077,-0.2152145833333334,-0.04275714285714289,-0.21827358490566037,-0.1361732142857143,0.3117835616438356,-0.026239393939393944,-0.06528907563025213,-1.2015897196261682
10,18,0.7443636363636364,0.4035,0.7381241379310345,0.6238309523809524,0.19249206349206355,0.5533159999999999,0.564215789473684,0.4573159574468085,0.46657619047619053,0.49082352941176466,0.49201379310344817,0.7803060606060607,0.6631285714285717,0.29095625,0.664055172413793,0.6302884615384615,0.24663333333333334,0.3314625,0.37132413793103447,0.707486274509804,0.8734225,-0.0581898305084746,0.11335714285714285,1.1915374999999997,0.33115,0.05355576923076922
4,27,0.016920143884892092,-0.26917198275862053,0.03714428571428571,0.08723333333333334,0.18447619047619046,-0.0034866666666666683,,0.038831250000000005,0.06145,0.16795000000000002,0.09136470588235293,0.21786000000000003,0.16265714285714286,0.15683333333333332,0.2139142857142857,0.14725714285714284,0.15480000000000002,0.0164,-0.0373357142857143,,,,,,,
9,19,1.2783758389261748,0.5221867647058823,0.6556765060240962,1.0121891304347832,2.652277777777778,0.3032553846153849,0.6422023255813953,1.2253894230769236,0.8199393333333336,0.9119045454545455,1.082575280898877,0.7037804979253114,0.7600142857142859,1.2644582089552239,,0.6750771812080536,0.8301057268722465,0.7338842857142857,0.8567772151898733,1.1664733333333335,0.3974862068965518,0.806211428571428,1.0195719512195123,0.5127631578947366,0.2631244274809161,0.45533661202185816
9,18,0.9015340206185569,0.43609428571428577,0.6496540145985401,1.3284173333333336,,0.2502495652173912,1.0140285714285713,-0.12225967741935469,0.5709749999999998,0.8293736842105263,1.516757608695652,0.6281095744680848,0.41087983193277305,0.6061343434343435,,0.40400806451612914,0.42737955801104993,0.4112767441860465,1.0168736111111114,0.560307142857143,1.6187447368421048,0.6605437500000002,1.2883709302325583,0.7968199999999998,0.7265870129870128,0.6092580357142859
23,2,,,0.4478862559241706,0.8435116279069764,-0.061351376146788976,0.21181851851851852,0.19456960784313723,-0.024518487394957968,0.48809935483870986,0.5362652777777777,0.8639637168141595,0.3966103857566765,-0.10271123595505623,0.07220199999999999,0.2974479638009048,1.0341806451612905,0.5458528301886791,0.5589172638436478,0.33058933333333335,0.3521518518518518,0.19713611111111118,-0.03527925925925927,0.12520183486238531,-0.02308333333333333,-0.134275,0.1088476635514019
24,2,,,-0.04075490196078432,0.2214896103896103,0.014977358490566039,0.05324878048780488,-0.04848833333333332,0.0006959459459459456,-0.015058139534883731,-0.13206779661016946,0.09316250000000002,0.010323076923076931,0.07483437499999997,-0.22915384615384615,0.32432500000000003,0.44445,,-0.09309374999999999,-0.058564285714285715,-0.0389,,-0.027327777777777795,-0.0133875,,,-0.0276
22,1,,,0.0410191919191919,-0.05363884892086331,-0.1416645348837209,0.038519205298013275,-0.23122293577981642,-0.03283454545454546,-0.04395945017182132,0.03743676470588237,0.03638536585365853,0.06876523605150216,0.05139302325581395,0.16190363636363636,-0.05136413043478262,-0.0016294871794871762,0.02852,-0.01648305084745763,-0.010395918367346936,0.022143661971830982,-0.08076458333333338,0.14210515463917525,0.09332990654205613,0.008283333333333334,0.08863888888888889,0.015659016393442624
7,10,-0.012085119047619044,0.007908333333333333,0.04245892857142858,-0.01890319767441861,0.07516883116883118,0.0903898148148148,0.030618981481481487,0.06763985507246373,-0.017524277456647395,-0.060259875776397465,-0.0010870098039215687,0.0036671641791044796,0.02852012383900929,0.00048325688073394497,0.005344699140401144,0.0015144154370034051,-0.0009125727590221187,0.010392523364485984,0.005878224852071005,0.00896146288209607,-0.0009310834813499104,0.0034252427184466023,-0.008471337579617835,0.017118321392016377,0.0019234803337306319,0.007371183013144591
7,11,-0.03708605769230764,-0.03761911764705884,0.12308258064516124,-0.0824639344262295,0.03751092436974788,0.3333951515151515,0.12368430034129685,0.12801964285714304,-0.08360370370370371,0.06787182320441966,-0.032913725490196104,0.018029530201342316,0.17727058823529412,0.19101214953271026,0.16013884514435678,0.3712607142857142,0.11373538461538461,0.25576848341232233,0.8003354166666666,0.3161329032258063,0.14530535055350557,0.5762418604651164,0.23654285714285703,0.2830547085201793,0.23539361702127662,0.3135576000000001
8,11,0.16666765067650693,-0.5006747159090914,0.12783206997084534,-0.13563784013605454,-0.1464714071856286,0.10530707395498395,-0.12897731673582297,0.0915714587737843,0.009667857142857209,-0.10666763527054106,0.33180939226519346,0.06250162162162158,-0.07540065789473693,0.02231181434599156,0.12145437499999974,-0.3435181481481478,-0.10940350877192981,0.1633534787123573,0.4060280575539569,0.4808658088235293,0.365437731295253,-0.05148310810810812,0.3782597535934289,0.17497037037037041,-0.10125041322314052,0.2184354378818736
8,12,0.21297777777777777,0.1648535000000001,0.14472500000000002,-0.1741923076923077,-0.797611111111111,,-0.12746666666666667,0.18359999999999999,-0.39737500000000003,-0.26031,0.06135,0.22115,-0.2991833333333333,0.154,0.112125,-0.46915,-0.4275,0.1550272727272727,,,0.12660740740740742,-0.509325,1.37985,0.17123333333333335,,
9,12,0.13423021680216793,-0.13844059829059824,-0.12388823529411766,-0.031173843821076425,0.08423489813994685,-0.2957847058823528,-0.33003697219361516,-0.17106757369614528,-0.047553250000000054,-0.1513772117962469,0.08185260663507112,-0.031391979522184275,-0.05545419187554011,-0.19529878048780475,-0.10507481081081088,-0.1869462662337664,-0.23915040650406502,-0.18975461441213673,-0.31854384236453204,0.2896374149659864,-0.09615338983050868,-0.08672404181184667,-0.2159453038674032,-0.37762019386106627,-0.21380500000000008,-0.21669912023460408
10,12,-0.45023378839590483,-0.08664577922077923,-0.4331889705882354,-0.01862912442396326,0.01515168453292499,-0.0847861884368308,0.09062103120759842,-0.25736415929203543,-0.43024767441860434,-0.2324475651189124,0.06543245033112582,0.13714965517241376,-0.15984325925925935,-0.5887176470588237,-0.3737653658536586,-0.32641508264462765,-0.4405283018867925,-0.696779646017699,-0.7547409302325582,-0.3361779069767443,-0.37067100977198697,-0.07367664670658679,-0.14713849129593806,-0.32597228525121574,-0.21209696969696973,-0.3835811518324608
10,13,-0.5929206434316358,0.11497495429616092,-0.21943756613756618,0.07302049689440977,0.06362440677966096,-0.34679931034482775,0.019024036697247632,-0.20589610894941635,-0.2978039800995026,-0.14393596614950624,-0.15745730659025794,-0.02697482269503545,-0.04444964705882331,-0.386221229050279,-0.3379332644628097,0.021077544910179755,-0.2911307692307692,-0.5378810035842293,-0.5481506224066391,-0.31167261904761895,-0.4518565836298934,-0.2552631355932204,-0.0748887043189369,-0.09118031914893625,-0.05822054794520545,-0.543606818181818
11,13,-0.9701657517899765,0.20938010021474548,-0.01673540945790087,-0.30800064177362885,-0.08604208618606539,0.03234017568192327,-0.17532724137931022,-0.20759370786516862,-0.13136396551724155,-0.017479613095238072,-0.08537341242149342,-0.10151907467532464,0.02826474820143885,-0.17547742435996896,-0.2226040465971799,0.026899601593625436,-0.009797516198704101,-0.29301587383660826,0.15038895921237677,-0.5416838235294116,-0.6643743535620033,0.08046415620641577,-0.15299804063860659,0.0423452392460129,-0.26545299999999994,-0.7875869969040243
11,14,-0.76156125,-0.10551519607843135,0.001900348432055748,-0.7877488888888889,0.2916316901408447,0.1517889150943397,-0.2531423841059603,-0.2622644067796611,-0.3398870129870132,-0.13976269430051833,-0.17404842105263166,-0.47551875000000005,0.2502956249999999,-0.48118510638297857,-0.773157894736842,0.009592441860465113,0.0013631399317405942,-0.46916392405063273,0.2695266666666666,0.6366533333333331,-0.14854124999999962,-0.01251818181818171,-0.3969999999999999,-0.33548641975308635,-0.4757076923076923,-0.14233684210526315
12,14,-0.3588489583333328,0.1273235703630031,0.12221474966170479,-0.08836545662972858,-0.13078806104129248,0.25468198777742024,-0.06529814528593487,-0.36655941091954,0.2673780701754385,-0.11102790357925457,-0.11378673341677106,-0.2644826415094338,-0.015143612693246504,0.05021942586399112,-0.3654530018761728,0.20855894941634318,0.1722742541436466,-0.4348342402123432,-0.04960196924736979,0.17758788006756748,-0.12208543160309694,-0.17837508012820502,-0.1298235571260306,-0.006725663716814217,-0.1634753232758623,-0.3687679455445544
5,28,-0.046858620689655156,-0.025720000000000003,,,,,,,,,,,,,,,,,,,,,,,,
12,15,-0.2519,-0.6940333333333334,-0.5167058823529411,-0.5131187500000001,0.46514687500000007,-0.06345785123966939,-0.33918021582733815,0.045128709677419325,0.025424999999999996,0.2436529411764706,-0.7257166666666667,-0.7149333333333333,0.2094714285714286,-0.10057499999999998,-0.20851061224489834,-0.6485500000000001,0.07343333333333334,0.23602500000000004,-0.9916615384615386,-0.11386382978723403,-0.3616,0.6444826086956522,0.20334545454545455,0.2520466666666667,-0.0278,-1.3712857142857142
21,1,,,-2.0817444444444444,0.4353153846153846,-1.5104868421052629,0.015859999999999996,0.33166419753086424,-0.026606666666666667,-2.8813852941176474,,-1.7269711538461539,-0.058529787234042556,0.07037500000000001,-0.9534395348837204,-1.699531884057971,-0.2597638554216867,0.05140683760683758,,-1.813096551724138,-0.007387425149700611,-0.7333999999999999,0.5033500000000001,-1.0681811764705889,-0.26102202643171796,-0.731242857142857,-0.03644107142857139
12,13,,-0.1253,0.6748,-1.7429099999999997,-0.2655728813559322,0.6979083333333334,-0.2655924242424241,0.061358333333333286,-0.17379999999999998,0.4439571428571429,-0.43115454545454546,,-0.2516625,-0.28071999999999997,-0.5894333333333334,0.04864666666666668,,0.28505,0.1649363636363636,-0.7089,-0.09206559139784953,0.37959999999999994,,-0.42172708333333336,0.005022727272727275,-1.6737333333333335
14,22,,0.3511618784530386,0.31782639593908635,-0.016760474308300386,0.08213134328358203,-0.15236944444444442,-0.049184517497348874,-0.14473217777777775,-0.027598962336664125,0.0694510563380282,-0.021143327841845156,-0.005923156981786641,-0.04563112128146454,0.01941777777777777,-0.1285198253275108,-0.0013522643818849446,-0.033730010834236206,-0.11169121951219507,0.014058636897767337,0.0,0.010943601895734602,-0.008184354485776802,0.0772244186046512,0.01961082654249127,-0.023308146067415703,0.007415269804822045
13,22,,-0.03525028248587576,0.13679682539682542,-0.28942056074766354,-0.45012131147540985,0.00275603715170283,-0.3615705882352941,0.023225322391559233,-0.046643061224489815,0.07936924369747912,0.07990417495029818,-0.022804622322435172,0.009240816326530612,-0.0904650229357798,-0.12932929687500008,0.0,-0.0540896797153025,0.009627571580063627,-0.007492335766423357,0.0,0.0,-0.03221714614499425,0.03514276960784314,0.0015535365853658533,0.032267966903073285,-0.03881163069544364
13,21,,-0.46338349514563115,-0.24941020408163286,-0.3693842718446604,-0.1574787671232876,-0.03588917525773204,-0.19945180722891584,0.049200502512562735,-0.015430277777777765,0.8886587301587303,0.09235353846153833,-0.10970283687943262,,0.5515822368421052,0.10162725,-1.0691162790697673,0.07038035714285715,0.18135376884422114,-0.7130676470588235,,,0.060790598290598345,0.26970714285714287,-0.28122307692307696,-0.26029024390243893,-0.8880470588235293
12,21,,-0.8902864864864858,-0.2804586956521735,-0.3920662264150943,0.008946043165467602,-0.07256900269541784,0.02967942101950916,-0.05951890909090913,0.07047913148371533,0.033224690082644635,-0.13205959902794667,-0.14034440078585456,0.0,-0.08779905462184871,0.0201503219871205,0.060004682926829256,-0.008474652777777779,-0.11364837545126345,-0.060213145539906095,0.0,0.0,-0.0608249464668094,-0.06610526315789471,-0.055368823529411776,-0.07259856670341784,0.0
12,20,,-0.44396496598639446,0.1281504132231404,0.09107885714285714,-0.2429556213017752,0.9551666666666666,-0.3245017857142857,-0.07251742857142861,0.8504555555555553,-0.3619846153846153,0.09057038724373576,-0.5741010101010101,0.24639435897435902,-0.3429269841269841,-0.4523204081632653,0.22460512820512818,-0.5206000000000001,0.12785454545454542,-0.8403185185185185,,,-0.5769623529411764,-1.7861499999999997,-0.9563615384615385,-1.1134803921568626,
11,20,,-0.28260231839258093,0.39560971168437103,0.05481939252336449,-0.24947450704225382,0.5286870517928285,0.07924953789279117,0.015398767034393262,1.488834374999999,-0.14132700892857153,0.1799875862068966,-0.07166695815115555,0.46104378437843835,-0.10346356435643547,-0.0865810702341139,0.749120498614958,-0.089975,0.013156976744185932,-0.2579321856287426,0.5705355421686746,,-0.11079743290548424,-0.03488680738786241,0.24177062314540054,0.025538285714285743,
11,12,,0.10210919540229885,,,,,,,,,,,,,,,,,,,,-0.014949795918367348,,,,
11,11,,-0.022066666666666665,,,,,,,,,,,,,,,,,,,,-0.026444444444444448,,,,
16,23,,-0.02719661016949151,-0.8093541666666666,-0.049257142857142854,-0.07836363636363636,-0.09944444444444443,-0.08757816091954031,,-0.11618600000000001,,-0.19274000000000002,0.03751891891891892,-0.06404,,0.25399189189189186,-0.2820142857142857,-0.1352,0.294846511627907,-0.11643333333333333,,-0.097225,,,-0.208,-0.050725,-0.097
15,23,,0.8859754807692313,0.22124771371769397,0.2933156756756758,0.7741948453608246,0.38053827160493825,0.3908103286384975,0.021746231155778947,-0.10264221453287208,0.023960653061224524,0.4058650602409639,0.3713706989247313,0.41187263157894743,0.4229481884057974,0.32100357142857155,1.3245219178082188,0.34227719298245635,0.6876749318801086,1.0618810810810808,,0.2877952941176471,0.20949795918367345,0.14468888888888887,0.6275590909090906,-0.04651830985915493,0.47121346153846144
14,23,,0.5324457142857144,0.6271142857142857,0.1353888888888889,0.6190333333333333,0.008749999999999997,0.18707142857142856,-0.2531212121212121,-0.34096,0.07042025723472668,0.4054,-0.08743333333333331,0.2522666666666667,0.25121000000000004,0.1614,0.8643333333333333,0.07748,0.6258642857142857,1.1622666666666666,,0.32585,0.0829,-1.467666666666667,0.69,0.18036666666666668,0.7859
14,12,,,,-0.1091,0.26765416666666664,-0.9819,0.2436875,-0.1473346153846154,0.21009999999999998,0.4042,0.3519,,2.0430142857142854,-0.7238666666666668,-0.2593375,0.44421999999999995,,,2.26874,-0.20903913043478256,0.23131538461538464,,-0.15119285714285713,0.58995,0.1475,-0.3816
16,9,,,,,-0.5551840909090908,,,-0.17583128964059191,0.0,0.0,0.0,0.0,0.0,-0.005962081784386617,0.00034269662921348316,0.0,0.0,0.0,0.0,0.0,-0.012245600991325897,0.0,0.0,0.0,-0.008730683229813664,0.0
4,26,,-2.5000125,,,,0.2345633802816902,,-0.5143820512820513,,,,-0.9514999999999999,,,0.023445739130434785,-0.007073139534883718,-1.225e-05,0.0,0.0,0.0,-0.022684733727810654,0.0017811205846528623,-0.00037444987775061113,-3.4313725490196128e-06,0.0,-0.019404507710557534
4,28,,0.134625,,,,,,,,,,,,,,,,,,,,,,,,
5,24,,0.6624538461538461,,0.4887064516129033,0.9871133333333332,,,0.014716666666666664,0.24514444444444447,,,,,,0.37371343283582087,,-0.028760233918128708,,0.45693333333333336,,0.15827499999999994,0.5185999999999996,,,,0.6185499999999999
5,23,,0.3535884615384616,0.32145,,-0.7291285714285715,,,,,,,,,,-0.06363555555555545,,,,0.31213448275862077,,0.05900153846153847,0.6707935064935063,,,,
4,23,,,0.1865758620689654,,1.212175,,,,,,,,,,0.07063728813559324,,,,0.6447263157894736,,0.2975447368421053,-0.5857914634146342,,,,
4,22,,,-0.20214615384615386,,-0.0361,,,,,,,,,,0.08599905660377358,,-0.1650818181818182,,0.3294499999999999,,-0.5964674418604652,-0.23330869565217394,-0.49985844155844167,,,
3,22,,,0.065606,,-0.5006685185185185,,,,,,,,,,-0.03247040816326531,,0.23662372881355928,,0.19158387096774196,,-0.45568461538461535,-0.1978172413793103,0.19532028985507247,,,
3,21,,,0.969495238095238,,-0.18226666666666663,,,,,,,,,,-0.11861060606060604,,,,0.08376315789473684,,0.3452911764705883,0.5358545454545455,0.5951529411764706,,,
2,21,,,0.29912592592592585,,-0.11670000000000001,-0.35373611111111114,,,,,,,,,-0.2562392405063291,,,,0.0696,-0.36965,0.6930658227848105,-0.6791380681818188,0.05238145161290323,0.0,0.0,0.0
1,21,,,-1.7752333333333334,,,-0.3713499999999999,,,,,,,,,-1.3858599999999999,,,,,,-3.8126928571428564,,,,,
1,20,,,-1.001212820512819,,,0.07899237057220727,,,,,,,,,-1.0008027777777777,-0.003691940976163695,-0.1645071428571429,,,-0.7747919354838708,-0.3814643109540634,0.0,0.07300173611111112,0.0,0.0,0.0
21,11,,0.31753333333333333,-3.5314842105263162,,,,,0.34342127659574456,,-0.20243096774193556,0.0,0.1498136752136754,,-0.4277166666666667,0.10015166666666667,,0.27609857142857147,,0.10787575757575757,,-0.06017222222222222,-1.0066714285714284,,,0.719563888888889,
20,11,,0.2840625,-3.2142666666666666,,,,-0.02879090909090909,,,,,,,-2.54595,,,,,,,,,,,,
20,10,,0.08322954545454543,-0.8611076923076926,,,,,-0.10518969072164952,,,,0.0822873350923483,-0.5896548387096774,-0.1724621118012422,-1.0154603174603176,,-0.06432758620689652,,0.3314916666666667,,-0.10501029411764705,-0.5095874316939895,,,0.05661249999999998,
19,10,,-0.22795945945945945,-0.47319999999999995,,,,,-0.53806,,,,0.42233888888888904,-0.0017907692307692269,-0.8974973684210527,1.0735533333333334,,-0.041485714285714285,,-1.4842964285714284,,-0.01701111111111111,0.5558753846153845,,,-0.57265,
19,9,,-0.4430473684210526,-0.25594000000000006,,,,,-0.6813867647058826,0.0554681818181818,,,-0.7468317073170732,-0.05501445255474466,-0.9352766497461928,0.6868485714285715,,-0.1835097087378641,,1.4022076923076925,,-1.0835604651162791,1.3333739130434779,,,-1.2084082191780825,
16,24,,,-0.10752857142857142,,,,,,,,,,,,-0.0405,,,,,,,,,,,
16,16,,,-0.1814,0.6204333333333333,-0.4774833333333333,0.49946999999999997,-0.9501,0.1468,,0.1855,1.1234,-1.0873333333333333,0.2561,,-0.8320000000000001,-0.0977037037037037,0.31403333333333333,,,0.1967,,-0.62508,-1.7951416666666666,-0.13768974358974356,-0.3117,
17,16,,,,,,0.11644210526315785,,,,,,,,,,,,,,,,,,,,
17,15,,,,,,0.0429716049382716,,,,,,,,,,,,,,,,,,,,
18,15,,,,,,-0.260886274509804,,,,,,,,,,,,,,,,,,,,
18,14,,,,,,-0.011948760330578517,,,,,,,,,,,,,,,,,,,,
18,13,,,,,,-1.154,,,-0.7595460176991151,,,,0.05228613861386143,,-0.5399017094017093,-0.8229297872340424,-1.5361125000000007,,,-0.17609909502262444,,,,-0.7067053763440859,-0.3747553846153846,-1.0352536231884057
19,13,,,,,,0.02497863636363633,,,0.33156837606837614,,,,-0.4073924657534243,,0.22909642857142853,0.47940090090090093,1.3440012195121946,,,0.050910795454545424,,,,0.5807427184466021,-0.6443821428571426,0.24151093750000002
19,12,,,,,,-0.25840689655172416,-0.03770571428571429,,,,,,,,,,,,,,,,,,,
20,12,,,,,,,0.2146744444444444,,,,,,,,,,,,,,,,,,,
9,11,,,-0.1437,-0.32294888888888884,0.25127154150197617,-0.041984210526315784,-0.32601176470588233,0.08637777777777776,-0.49373846153846157,-0.32601333333333343,0.287675,-0.023857142857142872,-0.29231176470588244,-0.5950000000000001,0.05231951219512194,0.23475789473684214,-0.05401999999999999,0.30971571428571426,0.3580625,0.5304,0.22714216867469886,0.1400875,0.028935000000000006,0.11125999999999998,-0.4599399999999999,0.45280333333333317
18,4,,,-0.42148,-0.046781818181818195,,-0.39328461538461534,,,-1.0200375000000002,,,,,0.2212,0.10688474576271187,,,,-0.2563971428571429,-0.48815600000000003,,-0.45075555555555546,0.028541666666666674,-0.24459333333333338,-0.0018769230769230762,
16,18,,,,,0.00772,,,,,,0.04772499999999999,,,,,,,,,,0.14892857142857144,,,,,
15,22,,,,-0.0897,,,,,,,,,,,,,,,,,,,,,,
7,22,,,,0.23256000000000002,,,0.004057142857142861,,,,-0.69082,-1.5172999999999999,,,5.098977777777778,,,,0.08827727272727273,0.20620000000000002,-1.033325,0.868348,-0.1289,,0.508368888888889,3.279833333333334
20,3,,,,,,-0.091925,,,-1.5662999999999998,,,,,,,,,-1.14569375,,,,-1.4268200000000002,,,0.16880714285714285,
20,19,,,,,,0.11666499999999999,,0.7295903225806449,,,0.6441066666666665,1.2469750000000002,,0.36372499999999997,,,,0.8353133333333334,,,-0.7757222222222223,-0.10483888888888887,-0.9397785714285714,-0.7806357142857143,0.6932171428571431,
20,20,,,,,,0.42993333333333333,0.7750739130434782,0.5339322916666668,,,0.3495163265306122,-0.14142045454545452,,0.19013999999999995,,,,0.28992954545454547,,,-0.15216507042253535,-0.2789180555555555,-0.29737804878048785,-0.09491028037383177,0.8474999999999998,
21,20,,,,,,,0.6664400000000001,-0.011243333333333334,,,-0.042269999999999995,-0.013962500000000003,0.03726666666666667,-0.09195714285714285,,,,,,,,,,,,
17,11,,,,,,,,0.9883,,,,,,,,,,-0.057790073529411796,,,,,,,,
17,12,,,,,,,,-0.12134091816367248,0.0962366026289181,0.0,0.0,-0.023637371428571422,0.007790845070422535,0.0,-0.013857965056526192,0.04192623705408518,0.06913796909492274,0.0,0.0,0.05386037914691942,0.0,0.0,0.0,0.031224916943521593,-0.04162371048252914,0.12339644572526418
7,18,,,,,,,,-0.22965000000000002,0.9584551020408165,,,0.4012625,,,,1.1763176470588235,,,,,,,,,,
6,18,,,,,,,,-0.2671614942528736,0.19790333333333324,,,-0.22645237068965518,0.0,,,0.4062298507462688,,,,,,,,,,
6,19,,,,,,,,0.5878333333333333,-0.6033639215686274,-0.32112833333333335,,,,,,-0.5284880000000002,,,,,,,,,,
5,19,,,,,,,,,-0.19305075757575757,0.1260495702005731,,,,,,-0.7320744680851065,,,,,,,,,,
18,12,,,,,,,,,0.8062965517241379,,,,-0.3483058823529412,,-0.24500277777777774,-1.1893666666666667,2.0155999999999996,,,-0.4213404255319148,,,,-0.023710526315789474,1.8450000000000002,3.5137666666666667
19,14,,,,,,,,,0.7326166666666668,,,,,,,0.08841388888888888,0.5605653846153845,,,-0.004026732673267215,,,,0.629430303030303,,0.23721428571428568
20,14,,,,,,,,,0.06333383458646606,,,,,,,0.04528846153846154,0.11977432432432424,,,0.08069928315412189,0.6054166666666666,,,-0.2885546296296295,,0.4018479452054795
21,14,,,,,,,,,-0.3881666666666666,,,,,,,1.0674,-0.3391,,,,0.4861666666666667,,,0.36785,,-0.93855
21,15,,,,,,,,,-0.9753482352941176,0.8331028571428571,,,,,,-0.355552225519288,0.30147757009345766,-0.20733170028818482,,-0.6124841463414632,-0.15849718875502006,,,-0.7237372881355932,-0.07267826086956516,-0.834217021276596
22,15,,,,,,,,,0.8065779661016949,0.7300730769230765,,,,,,,1.0395578947368422,1.5911250000000003,,,0.5852163934426229,,,,0.3742361111111111,0.8501115942028988
22,16,,,,,,,,,0.6965545454545455,0.5382759999999999,,,,,,,1.0008152173913039,0.5162243902439024,,,0.544310743801653,,,,0.42269459459459463,0.29381076923076915
23,16,,,,,,,,,,0.41114699999999976,,,,,,,0.14926904761904766,0.6273347826086957,,,0.11104805194805197,,,,-0.003800000000000001,0.3229516129032259
5,20,,,,,,,,,-0.2461888888888889,0.013592222222222308,,,,,,0.08525869565217391,,,,,,,,,,
13,13,,,,,,,,,-0.11010878962536035,0.0,0.0,0.0,0.0,0.0,0.0,0.0,0.0,0.0,0.0,0.0,0.0,0.0,0.0,0.0,0.0,0.0
21,10,,,,,,,,0.19811,,,,0.108325,,0.39218000000000003,0.3736557692307694,0.043285714285714275,0.667275,,0.39925,,-0.1404,-2.77035,,,0.53495,
4,25,,,,,,,,-1.0488000000000002,,,,,,,1.2511666666666665,-1.1770166666666666,,,,,-0.7189,,,,,-0.829775
4,20,,,,,,,,,,-0.9891,,,,,,0.22293333333333334,,,,,,,,,,
4,21,,,,,,,,,,-0.19975762711864412,,,,,,0.020530303030303045,-0.20171685393258432,,,,,,,,,
4,16,,,,,,,,,,,,0.14670344827586207,-0.439080172413793,,,0.3592058823529412,,,,,,,,,,
18,6,,,,,,,,,,,,,1.1706733333333335,,,,,,,,,-2.0371827586206894,,,,
2,20,,,,,,,,,,,,,,,-0.49838823529411763,,,,,-0.82592,,,-0.33212857142857144,,,
24,7,,,,,,,,,,,,,,,,,-0.40925,,,,,,,,,
14,17,,,,,,,,,,,,,,,,,,,,,,,-2.245054285714286,,,
14,18,,,,,,,,,,,,,,,,,,,,,,,-0.710870588235294,-0.1641,,
